source,target,weight
CDK4,PDGFRA,19
CCND1,CDK4,226
CCND1,CDKN1A,41
CCND1,EGFR,5
CCND1,MDM2,13
CDK4,CDKN1A,55
CDK4,EGFR,55
CDK4,MDM2,201
CDKN1A,EGFR,2
CDKN1A,MDM2,2
EGFR,MDM2,14
BCL2,BCL6,1
BCL2,CCND1,7
BCL2,MYC,2
BCL2,MYCN,1
BCL2,RB1,4
BCL2,TP53,4
BCL6,CCND1,1
BCL6,MYC,1
BCL6,MYCN,1
BCL6,RB1,1
BCL6,TP53,1
CCND1,MYC,13
CCND1,MYCN,1
CCND1,RB1,55
CCND1,TP53,29
MYC,MYCN,3
MYC,RB1,10
MYC,TP53,10
MYCN,RB1,1
MYCN,TP53,1
RB1,TP53,32
CDK6,CDKN2A,108
CDK4,CDKN2A,240
CCND2,CDK4,28
CCND2,CDKN2A,9
CCND2,CDKN2B,5
CCND2,MDM2,1
CCND2,RB1,6
CDK4,CDKN2B,51
CDK4,RB1,177
CDKN2A,CDKN2B,59
CDKN2A,MDM2,29
CDKN2A,RB1,74
CDKN2B,MDM2,6
CDKN2B,RB1,18
MDM2,RB1,16
CDK4,CDK6,1335
CCND1,CCND2,22
CCND1,CDK6,124
CCND2,CDK6,22
CDK4,MYCN,6
CDK4,PAX7,1
MDM2,MYCN,3
MDM2,PAX7,1
MYCN,PAX7,1
CDK4,HRAS,2
CDK4,PML,1
CDK4,TP53,106
CDKN2A,EGFR,20
CDKN2A,HRAS,3
CDKN2A,PML,1
CDKN2A,TP53,54
EGFR,HRAS,2
EGFR,PML,1
EGFR,RB1,5
EGFR,TP53,18
HRAS,PML,1
HRAS,RB1,2
HRAS,TP53,1
PML,RB1,1
PML,TP53,1
CDK4,CDKN2C,10
CDK4,CDKN2D,6
CDK6,CDKN2B,35
CDK6,CDKN2C,8
CDK6,CDKN2D,5
CDKN2A,CDKN2C,6
CDKN2A,CDKN2D,4
CDKN2B,CDKN2C,5
CDKN2B,CDKN2D,2
CDKN2C,CDKN2D,3
CDK4,INK4A,1
CDK6,INK4A,1
CDKN2A,INK4A,1
CCND1,CDKN2A,75
CDKN1A,CDKN2A,14
CDKN1A,RB1,13
CDKN1A,TP53,19
CDK6,MDM2,11
CDK6,RB1,116
CDK6,TP53,52
MDM2,TP53,32
CDK4,PTEN,39
CDKN2A,PTEN,21
EGFR,PTEN,7
PTEN,RB1,10
CDK4,VEGFA,3
EGFR,VEGFA,2
CDKN2A,p15INK4B,1
CDKN2B,p15INK4B,1
CCND1,CDC37,1
CCND1,RAF1,1
CCND1,SRC,2
CDC37,CDK4,1
CDC37,MYC,1
CDC37,RAF1,1
CDC37,SRC,1
CDK4,MYC,29
CDK4,RAF1,4
CDK4,SRC,2
MYC,RAF1,2
MYC,SRC,1
RAF1,SRC,1
CDK4,DMBT1,1
CDK4,NF2,3
CDKN2A,DMBT1,1
CDKN2A,NF2,2
DMBT1,EGFR,1
DMBT1,NF2,1
DMBT1,PTEN,1
DMBT1,TP53,1
EGFR,NF2,1
NF2,PTEN,2
NF2,TP53,1
PTEN,TP53,20
CDK4,CHOP,2
CDK4,HMGIC,2
CHOP,HMGIC,1
CHOP,MDM2,2
HMGIC,MDM2,2
CCND2,CCNE,1
CCND2,CDKN1A,3
CCND2,CDKN1B,3
CCND2,CDKN1C,2
CCND2,E2F1,2
CCND2,MYC,2
CCNE,CDK4,6
CCNE,CDKN1A,1
CCNE,CDKN1B,1
CCNE,CDKN1C,1
CCNE,CDKN2A,2
CCNE,E2F1,2
CCNE,MYC,2
CCNE,RB1,2
CDK4,CDKN1B,28
CDK4,CDKN1C,2
CDK4,E2F1,16
CDKN1A,CDKN1B,16
CDKN1A,CDKN1C,1
CDKN1A,E2F1,3
CDKN1A,MYC,5
CDKN1B,CDKN1C,1
CDKN1B,CDKN2A,11
CDKN1B,E2F1,2
CDKN1B,MYC,1
CDKN1B,RB1,5
CDKN1C,CDKN2A,2
CDKN1C,E2F1,1
CDKN1C,MYC,1
CDKN1C,RB1,1
CDKN2A,E2F1,6
CDKN2A,MYC,7
E2F1,MYC,1
E2F1,RB1,14
CDK4,DES,1
DES,MDM2,1
DES,TP53,1
CDK4,GLI,6
GLI,MDM2,6
CDK4,FOS,2
FOS,MDM2,1
FOS,MYC,1
FOS,RB1,1
FOS,TP53,1
MDM2,MYC,7
CDKN2B,TP53,15
CCND2,CCND3,14
CCND2,CDKN2D,1
CCND3,CDK4,25
CCND3,CDK6,24
CCND3,CDKN1C,1
CCND3,CDKN2A,6
CCND3,CDKN2D,1
CDK6,CDKN1C,1
CDKN1C,CDKN2D,1
GLI,MYC,1
GLI,MYCN,1
GLI,PDGFRA,1
MDM2,PDGFRA,7
MYC,PDGFRA,1
MYCN,PDGFRA,1
CDK,CDK4,9
CDK,CDK6,10
CDK,CDKN2A (ARF),1
CDK,CDKN2A (INK4a),1
CDK,CDKN2A (p14),1
CDK,CDKN2A (p16),1
CDK,E2F,1
CDK,RB1,3
CDK4,CDKN2A (ARF),1
CDK4,CDKN2A (INK4a),1
CDK4,CDKN2A (p14),1
CDK4,CDKN2A (p16),5
CDK4,E2F,14
CDK6,CDKN2A (ARF),1
CDK6,CDKN2A (INK4a),1
CDK6,CDKN2A (p14),1
CDK6,CDKN2A (p16),1
CDK6,E2F,13
CDKN2A (ARF),CDKN2A (INK4a),1
CDKN2A (ARF),CDKN2A (p14),1
CDKN2A (ARF),CDKN2A (p16),1
CDKN2A (ARF),E2F,1
CDKN2A (ARF),RB1,1
CDKN2A (INK4a),CDKN2A (p14),1
CDKN2A (INK4a),CDKN2A (p16),1
CDKN2A (INK4a),E2F,1
CDKN2A (INK4a),RB1,1
CDKN2A (p14),CDKN2A (p16),1
CDKN2A (p14),E2F,1
CDKN2A (p14),RB1,1
CDKN2A (p16),E2F,1
CDKN2A (p16),RB1,2
E2F,RB1,12
CDK4,PKC,2
CDK4,RAS,12
CDK6,PKC,2
CDK6,PTEN,12
CDK6,RAS,10
CDKN2A,PKC,1
CDKN2A,RAS,4
CDKN2B,PKC,1
CDKN2B,PTEN,5
CDKN2B,RAS,1
PKC,PTEN,1
PKC,RAS,2
PKC,RB1,1
PKC,TP53,1
PTEN,RAS,1
RAS,RB1,6
RAS,TP53,3
CDK4,SAS,6
MDM2,SAS,5
CCND1,CDKN2B,19
CDKN2C,TP53,1
CDK4,RBL1,2
CDK4,RBL2,2
CDKN2A,RBL1,1
CDKN2A,RBL2,1
RB1,RBL1,2
RB1,RBL2,2
RBL1,RBL2,2
CCND2,TGFB1,1
CDKN2B,TGFB1,2
RB1,TGFB1,2
CCND1,CDKN2C,4
CDKN2C,RB1,3
BCL2,CDK4,15
BCL2,MDM2,2
BCL2,PCNA,1
CDK4,PCNA,6
MDM2,PCNA,1
PCNA,TP53,2
CDKN2A,p53,2
TP53,p53,1
CCND1,CCNE1,20
CCND1,CDK2,5
CCNE1,CDK2,2
CCNE1,CDK4,27
CCNE1,CDK6,24
CCNE1,CDKN2A,13
CCNE1,CDKN2B,4
CCNE1,RB1,8
CCNE1,TP53,6
CDK2,CDK4,10
CDK2,CDK6,8
CDK2,CDKN2A,3
CDK2,CDKN2B,1
CDK2,RB1,3
CDK2,TP53,1
CDK4,E2F4,2
CDK6,E2F4,3
CDK6,RBL1,1
CDK6,RBL2,1
E2F,E2F4,1
E2F,RBL1,1
E2F,RBL2,1
E2F4,RB1,2
E2F4,RBL1,1
E2F4,RBL2,1
AIB1,CCND1,1
AIB1,CDK4,1
AIB1,ESR1,1
AIB1,GLI,1
AIB1,MDM2,1
AIB1,MYB,1
CCND1,ESR1,9
CCND1,GLI,1
CCND1,MYB,1
CDK4,ESR1,66
CDK4,MYB,1
ESR1,GLI,1
ESR1,MDM2,2
ESR1,MYB,1
GLI,MYB,1
MDM2,MYB,1
AKT1,CCND3,1
AKT1,CDK4,30
AKT1,EGFR,4
AKT1,MDM2,1
AKT1,PDGFRA,1
CCND3,EGFR,2
CCND3,MDM2,2
CCND3,PDGFRA,1
EGFR,PDGFRA,11
CCND3,CDKN1A,4
CCND3,CDKN1B,4
CCND3,TP53,4
CDK6,CDKN1A,31
CDK6,CDKN1B,19
CDKN1B,TP53,4
CCND1,CDKN1B,19
CCND1,IGF1,1
CDK4,IGF1,2
CDKN1B,IGF1,1
BCL2,CDKN2A,2
CDK4,p14(ARF),1
CDKN2A,p14(ARF),1
CDKN2B,EGFR,7
CDKN2B,p14(ARF),1
EGFR,p14(ARF),1
MDM2,p14(ARF),1
TP53,p14(ARF),1
CDK4,ZO1,1
CDK4,ZONAB,1
ZO1,ZONAB,1
CCNB1,CCND1,8
CCNB1,CDC2,2
CCNB1,CDK4,10
CCNB1,PCNA,1
CCND1,CDC2,4
CCND1,PCNA,3
CDC2,CDK4,4
CDC2,PCNA,1
CDK4,Gankyrin,1
E2F1,Gankyrin,1
Gankyrin,RB1,1
CDK4,p16INK4A,1
CDKN2A,p16INK4A,1
MDM2,p16INK4A,1
CCND1,CCND3,18
CDK4,CDKN2,8
CDK4,p16,5
CDK4,pRB,2
CDKN2,CDKN2A,4
CDKN2,p16,2
CDKN2,pRB,1
CDKN2A,p16,2
CDKN2A,pRB,1
p16,pRB,2
CDK4,PTCH1,2
CDK4,SMO,1
CDK6,PTCH1,2
CDK6,SMO,2
CDKN2A,PTCH1,1
CDKN2A,SMO,1
PTCH1,SMO,1
PTCH1,TP53,2
SMO,TP53,1
CDK4,CDKN,1
CDKN,CDKN2A,1
CDKN,CDKN2B,1
BCL2,CDKN1A,3
CDK4,MASL1,1
MASL1,MDM2,1
ABCB1,ATM,1
ABCB1,DDX15,1
ABCB1,GNLY,1
ABCB1,IGF1R,1
ABCB1,LAMA3,1
ABCB1,MSH2,1
ABCB1,MYBL2,1
ABCB1,NME1,1
ABCB1,PTPN1,1
ABCB1,SERPINE1,1
ABCB1,SNRPN,1
ABCB1,TERC,1
ABCB1,TNFRSF6B,2
ABCB1,ZNF217,2
ATM,DDX15,1
ATM,GNLY,1
ATM,IGF1R,2
ATM,LAMA3,1
ATM,MSH2,2
ATM,MYBL2,1
ATM,NME1,1
ATM,PTPN1,1
ATM,SERPINE1,1
ATM,SNRPN,1
ATM,TERC,1
ATM,TNFRSF6B,1
ATM,ZNF217,1
DDX15,GNLY,1
DDX15,IGF1R,1
DDX15,LAMA3,2
DDX15,MSH2,2
DDX15,MYBL2,1
DDX15,NME1,1
DDX15,PTPN1,1
DDX15,SERPINE1,1
DDX15,SNRPN,1
DDX15,TERC,1
DDX15,TNFRSF6B,1
DDX15,ZNF217,1
GNLY,IGF1R,1
GNLY,LAMA3,1
GNLY,MSH2,1
GNLY,MYBL2,1
GNLY,NME1,1
GNLY,PTPN1,1
GNLY,SERPINE1,1
GNLY,SNRPN,1
GNLY,TERC,1
GNLY,TNFRSF6B,1
GNLY,ZNF217,1
IGF1R,LAMA3,1
IGF1R,MSH2,1
IGF1R,MYBL2,1
IGF1R,NME1,1
IGF1R,PTPN1,1
IGF1R,SERPINE1,1
IGF1R,SNRPN,1
IGF1R,TERC,1
IGF1R,TNFRSF6B,1
IGF1R,ZNF217,1
LAMA3,MSH2,2
LAMA3,MYBL2,1
LAMA3,NME1,1
LAMA3,PTPN1,1
LAMA3,SERPINE1,1
LAMA3,SNRPN,1
LAMA3,TERC,1
LAMA3,TNFRSF6B,1
LAMA3,ZNF217,1
MSH2,MYBL2,1
MSH2,NME1,1
MSH2,PTPN1,1
MSH2,SERPINE1,1
MSH2,SNRPN,1
MSH2,TERC,1
MSH2,TNFRSF6B,1
MSH2,ZNF217,1
MYBL2,NME1,1
MYBL2,PTPN1,1
MYBL2,SERPINE1,1
MYBL2,SNRPN,1
MYBL2,TERC,1
MYBL2,TNFRSF6B,1
MYBL2,ZNF217,1
NME1,PTPN1,1
NME1,SERPINE1,1
NME1,SNRPN,1
NME1,TERC,1
NME1,TNFRSF6B,1
NME1,ZNF217,1
PTPN1,SERPINE1,1
PTPN1,SNRPN,1
PTPN1,TERC,1
PTPN1,TNFRSF6B,1
PTPN1,ZNF217,1
SERPINE1,SNRPN,1
SERPINE1,TERC,1
SERPINE1,TNFRSF6B,1
SERPINE1,ZNF217,1
SNRPN,TERC,1
SNRPN,TNFRSF6B,1
SNRPN,ZNF217,1
TERC,TNFRSF6B,1
TERC,ZNF217,1
TNFRSF6B,ZNF217,2
CCND1,CDC6,1
CDC6,CDK4,2
ARSA,DAB2,1
ARSA,DCC,1
ARSA,LRP1B,1
ARSA,NCOA3,1
ARSA,NRAS,1
ARSA,TOP2A,1
DAB2,DCC,1
DAB2,LRP1B,1
DAB2,NCOA3,1
DAB2,NRAS,1
DAB2,TOP2A,1
DCC,LRP1B,1
DCC,NCOA3,1
DCC,NRAS,1
DCC,TOP2A,1
LRP1B,NCOA3,1
LRP1B,NRAS,1
LRP1B,TOP2A,1
NCOA3,NRAS,1
NCOA3,TOP2A,1
NRAS,TOP2A,1
BRCA1,CDH1,1
BRCA1,CDH13,1
BRCA1,CDK4,22
BRCA1,CDKN1A,2
BRCA1,CDKN1B,1
BRCA1,CDKN2B,1
BRCA1,COX2,1
BRCA1,DAPK1,1
BRCA1,DNMT1,1
BRCA1,MAGEA1,1
BRCA1,N33,1
BRCA1,PTEN,3
BRCA1,RARB,1
BRCA1,RASSF1,1
BRCA1,SFRP1,1
BRCA1,TIMP3,1
BRCA1,VHL,1
CDH1,CDH13,1
CDH1,CDK4,5
CDH1,CDKN1A,2
CDH1,CDKN1B,1
CDH1,CDKN2B,1
CDH1,COX2,1
CDH1,DAPK1,1
CDH1,DNMT1,1
CDH1,MAGEA1,1
CDH1,N33,1
CDH1,PTEN,2
CDH1,RARB,1
CDH1,RASSF1,1
CDH1,SFRP1,1
CDH1,TIMP3,1
CDH1,VHL,1
CDH13,CDK4,1
CDH13,CDKN1A,1
CDH13,CDKN1B,1
CDH13,CDKN2B,1
CDH13,COX2,1
CDH13,DAPK1,1
CDH13,DNMT1,1
CDH13,MAGEA1,1
CDH13,N33,1
CDH13,PTEN,1
CDH13,RARB,1
CDH13,RASSF1,1
CDH13,SFRP1,1
CDH13,TIMP3,1
CDH13,VHL,1
CDK4,COX2,1
CDK4,DAPK1,1
CDK4,DNMT1,1
CDK4,MAGEA1,1
CDK4,N33,1
CDK4,RARB,2
CDK4,RASSF1,1
CDK4,SFRP1,1
CDK4,TIMP3,1
CDK4,VHL,2
CDKN1A,CDKN2B,5
CDKN1A,COX2,1
CDKN1A,DAPK1,1
CDKN1A,DNMT1,1
CDKN1A,MAGEA1,1
CDKN1A,N33,1
CDKN1A,PTEN,5
CDKN1A,RARB,1
CDKN1A,RASSF1,1
CDKN1A,SFRP1,1
CDKN1A,TIMP3,1
CDKN1A,VHL,1
CDKN1B,CDKN2B,4
CDKN1B,COX2,1
CDKN1B,DAPK1,1
CDKN1B,DNMT1,1
CDKN1B,MAGEA1,1
CDKN1B,N33,1
CDKN1B,PTEN,3
CDKN1B,RARB,1
CDKN1B,RASSF1,1
CDKN1B,SFRP1,1
CDKN1B,TIMP3,1
CDKN1B,VHL,1
CDKN2B,COX2,1
CDKN2B,DAPK1,1
CDKN2B,DNMT1,1
CDKN2B,MAGEA1,1
CDKN2B,N33,1
CDKN2B,RARB,1
CDKN2B,RASSF1,1
CDKN2B,SFRP1,1
CDKN2B,TIMP3,1
CDKN2B,VHL,1
COX2,DAPK1,1
COX2,DNMT1,1
COX2,MAGEA1,1
COX2,N33,1
COX2,PTEN,1
COX2,RARB,1
COX2,RASSF1,1
COX2,SFRP1,1
COX2,TIMP3,1
COX2,VHL,1
DAPK1,DNMT1,1
DAPK1,MAGEA1,1
DAPK1,N33,1
DAPK1,PTEN,1
DAPK1,RARB,1
DAPK1,RASSF1,1
DAPK1,SFRP1,1
DAPK1,TIMP3,1
DAPK1,VHL,1
DNMT1,MAGEA1,1
DNMT1,N33,1
DNMT1,PTEN,1
DNMT1,RARB,1
DNMT1,RASSF1,1
DNMT1,SFRP1,1
DNMT1,TIMP3,1
DNMT1,VHL,1
MAGEA1,N33,1
MAGEA1,PTEN,1
MAGEA1,RARB,1
MAGEA1,RASSF1,1
MAGEA1,SFRP1,1
MAGEA1,TIMP3,1
MAGEA1,VHL,1
N33,PTEN,1
N33,RARB,1
N33,RASSF1,1
N33,SFRP1,1
N33,TIMP3,1
N33,VHL,1
PTEN,RARB,1
PTEN,RASSF1,1
PTEN,SFRP1,1
PTEN,TIMP3,1
PTEN,VHL,1
RARB,RASSF1,1
RARB,SFRP1,1
RARB,TIMP3,1
RARB,VHL,1
RASSF1,SFRP1,1
RASSF1,TIMP3,1
RASSF1,VHL,1
SFRP1,TIMP3,1
SFRP1,VHL,1
TIMP3,VHL,1
CDK4,hTERT,2
CDKN1B,CDKN2C,1
AKT1,BMI1,1
AKT1,CDK6,23
AKT1,CTNNB1,2
AKT1,E2F1,1
AKT1,GPNMB,1
AKT1,GPRK7,1
AKT1,KBRAS2,1
AKT1,LDB2,1
AKT1,LIMK1,1
AKT1,MAPK1,2
AKT1,MEL,1
AKT1,MP1,1
AKT1,MUC18,1
AKT1,NRCAM,1
AKT1,PBX3,1
AKT1,RAB22A,1
AKT1,RAB38,1
AKT1,SNK,1
AKT1,STK4,1
BMI1,CDK6,2
BMI1,CTNNB1,1
BMI1,E2F1,2
BMI1,GPNMB,1
BMI1,GPRK7,1
BMI1,KBRAS2,1
BMI1,LDB2,1
BMI1,LIMK1,1
BMI1,MAPK1,1
BMI1,MEL,1
BMI1,MP1,1
BMI1,MUC18,1
BMI1,NRCAM,1
BMI1,PBX3,1
BMI1,RAB22A,1
BMI1,RAB38,1
BMI1,SNK,1
BMI1,STK4,1
CDK6,CTNNB1,7
CDK6,E2F1,13
CDK6,GPNMB,1
CDK6,GPRK7,1
CDK6,KBRAS2,1
CDK6,LDB2,1
CDK6,LIMK1,1
CDK6,MAPK1,4
CDK6,MEL,1
CDK6,MP1,1
CDK6,MUC18,1
CDK6,NRCAM,1
CDK6,PBX3,1
CDK6,RAB22A,1
CDK6,RAB38,1
CDK6,SNK,1
CDK6,STK4,1
CTNNB1,E2F1,1
CTNNB1,GPNMB,1
CTNNB1,GPRK7,1
CTNNB1,KBRAS2,1
CTNNB1,LDB2,1
CTNNB1,LIMK1,1
CTNNB1,MAPK1,1
CTNNB1,MEL,1
CTNNB1,MP1,1
CTNNB1,MUC18,1
CTNNB1,NRCAM,1
CTNNB1,PBX3,1
CTNNB1,RAB22A,1
CTNNB1,RAB38,1
CTNNB1,SNK,1
CTNNB1,STK4,1
E2F1,GPNMB,1
E2F1,GPRK7,1
E2F1,KBRAS2,1
E2F1,LDB2,1
E2F1,LIMK1,1
E2F1,MAPK1,2
E2F1,MEL,1
E2F1,MP1,1
E2F1,MUC18,1
E2F1,NRCAM,1
E2F1,PBX3,1
E2F1,RAB22A,1
E2F1,RAB38,1
E2F1,SNK,1
E2F1,STK4,1
GPNMB,GPRK7,1
GPNMB,KBRAS2,1
GPNMB,LDB2,1
GPNMB,LIMK1,1
GPNMB,MAPK1,1
GPNMB,MEL,1
GPNMB,MP1,1
GPNMB,MUC18,1
GPNMB,NRCAM,1
GPNMB,PBX3,1
GPNMB,RAB22A,1
GPNMB,RAB38,1
GPNMB,SNK,1
GPNMB,STK4,1
GPRK7,KBRAS2,1
GPRK7,LDB2,1
GPRK7,LIMK1,1
GPRK7,MAPK1,1
GPRK7,MEL,1
GPRK7,MP1,1
GPRK7,MUC18,1
GPRK7,NRCAM,1
GPRK7,PBX3,1
GPRK7,RAB22A,1
GPRK7,RAB38,1
GPRK7,SNK,1
GPRK7,STK4,1
KBRAS2,LDB2,1
KBRAS2,LIMK1,1
KBRAS2,MAPK1,1
KBRAS2,MEL,1
KBRAS2,MP1,1
KBRAS2,MUC18,1
KBRAS2,NRCAM,1
KBRAS2,PBX3,1
KBRAS2,RAB22A,1
KBRAS2,RAB38,1
KBRAS2,SNK,1
KBRAS2,STK4,1
LDB2,LIMK1,1
LDB2,MAPK1,1
LDB2,MEL,1
LDB2,MP1,1
LDB2,MUC18,1
LDB2,NRCAM,1
LDB2,PBX3,1
LDB2,RAB22A,1
LDB2,RAB38,1
LDB2,SNK,1
LDB2,STK4,1
LIMK1,MAPK1,1
LIMK1,MEL,1
LIMK1,MP1,1
LIMK1,MUC18,1
LIMK1,NRCAM,1
LIMK1,PBX3,1
LIMK1,RAB22A,1
LIMK1,RAB38,1
LIMK1,SNK,1
LIMK1,STK4,1
MAPK1,MEL,1
MAPK1,MP1,1
MAPK1,MUC18,1
MAPK1,NRCAM,1
MAPK1,PBX3,1
MAPK1,RAB22A,1
MAPK1,RAB38,1
MAPK1,SNK,1
MAPK1,STK4,1
MEL,MP1,1
MEL,MUC18,1
MEL,NRCAM,1
MEL,PBX3,1
MEL,RAB22A,1
MEL,RAB38,1
MEL,SNK,1
MEL,STK4,1
MP1,MUC18,1
MP1,NRCAM,1
MP1,PBX3,1
MP1,RAB22A,1
MP1,RAB38,1
MP1,SNK,1
MP1,STK4,1
MUC18,NRCAM,1
MUC18,PBX3,1
MUC18,RAB22A,1
MUC18,RAB38,1
MUC18,SNK,1
MUC18,STK4,1
NRCAM,PBX3,1
NRCAM,RAB22A,1
NRCAM,RAB38,1
NRCAM,SNK,1
NRCAM,STK4,1
PBX3,RAB22A,1
PBX3,RAB38,1
PBX3,SNK,1
PBX3,STK4,1
RAB22A,RAB38,1
RAB22A,SNK,1
RAB22A,STK4,1
RAB38,SNK,1
RAB38,STK4,1
SNK,STK4,1
EGFR,PTPRD,1
BRCA1,BRCA2,22
BRCA1,CDKN2A,4
BRCA1,RASEF,1
BRCA2,CDK4,20
BRCA2,CDKN2A,4
BRCA2,RASEF,1
CDK4,RASEF,1
CDKN2A,RASEF,1
BRAF,CCND1,7
BRAF,CDK4,42
BRAF,NRAS,24
CCND1,NRAS,7
CDK4,NRAS,32
CDK4,RAP1,1
CDK4,RAP1A,1
CDK4,RAP1B,2
CDK4,RAP1GAP,1
CDK6,RAP1,1
CDK6,RAP1A,1
CDK6,RAP1B,1
CDK6,RAP1GAP,1
RAP1,RAP1A,1
RAP1,RAP1B,1
RAP1,RAP1GAP,1
RAP1A,RAP1B,1
RAP1A,RAP1GAP,1
RAP1B,RAP1GAP,1
CCND1,COPS3,1
CCND1,ERBB2,6
CDK4,COPS3,1
CDK4,ERBB2,63
COPS3,ERBB2,1
COPS3,MDM2,1
COPS3,MYC,1
COPS3,TP53,1
ERBB2,MDM2,2
ERBB2,MYC,3
ERBB2,TP53,7
ABCB1,ABCB4,1
ABCB1,BCAS1,1
ABCB1,CDK6,4
ABCB1,CYP24,1
ABCB1,DMTF1,1
ABCB1,ERBB2,1
ABCB1,HGF,1
ABCB1,MYC,1
ABCB1,SRI,1
ABCB1,TP53AP1,1
ABCB4,BCAS1,1
ABCB4,CDK6,1
ABCB4,CYP24,1
ABCB4,DMTF1,1
ABCB4,ERBB2,1
ABCB4,HGF,1
ABCB4,MYC,1
ABCB4,SRI,1
ABCB4,TNFRSF6B,1
ABCB4,TP53AP1,1
ABCB4,ZNF217,1
BCAS1,CDK6,1
BCAS1,CYP24,1
BCAS1,DMTF1,1
BCAS1,ERBB2,1
BCAS1,HGF,1
BCAS1,MYC,1
BCAS1,SRI,1
BCAS1,TNFRSF6B,1
BCAS1,TP53AP1,1
BCAS1,ZNF217,1
CDK6,CYP24,1
CDK6,DMTF1,1
CDK6,ERBB2,60
CDK6,HGF,2
CDK6,MYC,21
CDK6,SRI,1
CDK6,TNFRSF6B,1
CDK6,TP53AP1,1
CDK6,ZNF217,1
CYP24,DMTF1,1
CYP24,ERBB2,1
CYP24,HGF,1
CYP24,MYC,1
CYP24,SRI,1
CYP24,TNFRSF6B,1
CYP24,TP53AP1,1
CYP24,ZNF217,1
DMTF1,ERBB2,1
DMTF1,HGF,1
DMTF1,MYC,1
DMTF1,SRI,1
DMTF1,TNFRSF6B,1
DMTF1,TP53AP1,1
DMTF1,ZNF217,1
ERBB2,HGF,1
ERBB2,SRI,1
ERBB2,TNFRSF6B,1
ERBB2,TP53AP1,1
ERBB2,ZNF217,1
HGF,MYC,1
HGF,SRI,1
HGF,TNFRSF6B,1
HGF,TP53AP1,1
HGF,ZNF217,1
MYC,SRI,1
MYC,TNFRSF6B,1
MYC,TP53AP1,1
MYC,ZNF217,1
SRI,TNFRSF6B,1
SRI,TP53AP1,1
SRI,ZNF217,1
TNFRSF6B,TP53AP1,1
TP53AP1,ZNF217,1
CDK4,JUN,5
CDK4,MAP3K7IP2,1
JUN,MAP3K7IP2,1
AKT1,CDKN2C,2
AKT1,PTEN,4
AKT1,RB1,8
CDKN2C,PTEN,1
CCND1,E2F1,7
CDK4,SLUG,1
JUN,SLUG,1
BRAF,CCNE1,2
BRAF,CDKN2A,19
BRAF,CTNNB1,3
BRAF,MDM2,4
BRAF,MITF,2
BRAF,NOTCH2,1
BRAF,PTEN,7
BRAF,TP53,10
CCND1,CTNNB1,6
CCND1,MITF,2
CCND1,NOTCH2,1
CCND1,PTEN,10
CCNE1,CTNNB1,2
CCNE1,MDM2,2
CCNE1,MITF,1
CCNE1,NOTCH2,1
CCNE1,NRAS,2
CCNE1,PTEN,3
CDK4,CTNNB1,13
CDK4,MITF,14
CDK4,NOTCH2,2
CDKN2A,CTNNB1,4
CDKN2A,MITF,11
CDKN2A,NOTCH2,1
CDKN2A,NRAS,10
CTNNB1,MDM2,3
CTNNB1,MITF,1
CTNNB1,NOTCH2,1
CTNNB1,NRAS,1
CTNNB1,PTEN,3
CTNNB1,TP53,3
MDM2,MITF,1
MDM2,NOTCH2,2
MDM2,NRAS,3
MDM2,PTEN,8
MITF,NOTCH2,1
MITF,NRAS,2
MITF,PTEN,2
MITF,TP53,2
NOTCH2,NRAS,1
NOTCH2,PTEN,1
NOTCH2,TP53,2
NRAS,PTEN,3
NRAS,TP53,7
AKT1,CCND1,10
AKT1,CDC2,1
AKT1,CDKN2B,3
AKT1,ERBB2,5
AKT1,GSK3A,1
AKT1,GSK3B,3
AKT1,TP53,2
CCND1,GSK3A,1
CCND1,GSK3B,4
CDC2,CDK6,2
CDC2,CDKN2B,2
CDC2,EGFR,1
CDC2,ERBB2,1
CDC2,GSK3A,1
CDC2,GSK3B,1
CDC2,TP53,1
CDK6,EGFR,34
CDK6,GSK3A,1
CDK6,GSK3B,2
CDKN2B,ERBB2,3
CDKN2B,GSK3A,1
CDKN2B,GSK3B,1
EGFR,ERBB2,7
EGFR,GSK3A,1
EGFR,GSK3B,1
ERBB2,GSK3A,1
ERBB2,GSK3B,1
GSK3A,GSK3B,1
GSK3A,TP53,1
GSK3B,TP53,1
CASP10,CASP2,1
CASP10,CASP3,1
CASP10,CDC2,1
CASP10,CDK4,1
CASP10,JNK2,1
CASP10,KIT,1
CASP10,MAPK14,1
CASP10,MAPK9,1
CASP10,NOTCH4,1
CASP10,SOD1,1
CASP2,CASP3,1
CASP2,CDC2,1
CASP2,CDK4,1
CASP2,JNK2,1
CASP2,KIT,1
CASP2,MAPK14,1
CASP2,MAPK9,1
CASP2,NOTCH4,1
CASP2,SOD1,1
CASP3,CDC2,1
CASP3,CDK4,5
CASP3,JNK2,1
CASP3,KIT,1
CASP3,MAPK14,2
CASP3,MAPK9,1
CASP3,NOTCH4,1
CASP3,SOD1,1
CDC2,JNK2,1
CDC2,KIT,1
CDC2,MAPK14,1
CDC2,MAPK9,1
CDC2,NOTCH4,1
CDC2,SOD1,1
CDK4,JNK2,1
CDK4,KIT,15
CDK4,MAPK14,3
CDK4,MAPK9,1
CDK4,NOTCH4,2
CDK4,SOD1,1
JNK2,KIT,1
JNK2,MAPK14,1
JNK2,MAPK9,1
JNK2,NOTCH4,1
JNK2,SOD1,1
KIT,MAPK14,1
KIT,MAPK9,1
KIT,NOTCH4,1
KIT,SOD1,1
MAPK14,MAPK9,1
MAPK14,NOTCH4,2
MAPK14,SOD1,1
MAPK9,NOTCH4,1
MAPK9,SOD1,1
NOTCH4,SOD1,1
CDK4,P16INK4,1
CDKN2A,P16INK4,1
MDM2,P16INK4,1
P16INK4,RB1,1
P16INK4,TP53,1
ATF1,CDK4,1
ATF1,DDIT3,1
ATF1,HMGA2,1
ATF1,MDM2,1
ATF1,SAS,1
CDK4,DDIT3,5
CDK4,HMGA2,14
DDIT3,HMGA2,2
DDIT3,MDM2,4
DDIT3,SAS,1
HMGA2,MDM2,13
HMGA2,SAS,2
BRAF,KIT,9
KIT,NRAS,8
KIT,TP53,2
CDK6,CYP1B1,1
CDK6,MET,13
CDK6,SDC1,1
CYP1B1,MET,1
CYP1B1,SDC1,1
MET,SDC1,1
CDK4,MEN1,2
CDKN1B,MEN1,1
CDK4,CTDSP2,1
CDK4,DCTN2,1
CDK4,FRS2,5
CDK4,GAS41,2
CDK4,KUB3,1
CDK4,OS9,2
CDK4,RAB3IP,1
CTDSP2,DCTN2,1
CTDSP2,FRS2,1
CTDSP2,GAS41,1
CTDSP2,KUB3,1
CTDSP2,MDM2,1
CTDSP2,OS9,1
CTDSP2,RAB3IP,1
CTDSP2,RAP1B,1
DCTN2,FRS2,1
DCTN2,GAS41,1
DCTN2,KUB3,1
DCTN2,MDM2,1
DCTN2,OS9,1
DCTN2,RAB3IP,1
DCTN2,RAP1B,1
FRS2,GAS41,1
FRS2,KUB3,1
FRS2,MDM2,5
FRS2,OS9,2
FRS2,RAB3IP,1
FRS2,RAP1B,1
GAS41,KUB3,1
GAS41,MDM2,2
GAS41,OS9,1
GAS41,RAB3IP,1
GAS41,RAP1B,1
KUB3,MDM2,1
KUB3,OS9,1
KUB3,RAB3IP,1
KUB3,RAP1B,1
MDM2,OS9,2
MDM2,RAB3IP,1
MDM2,RAP1B,1
OS9,RAB3IP,1
OS9,RAP1B,1
RAB3IP,RAP1B,1
CDK,NPM1,1
CDK,TP53,1
CDK6,NPM1,1
NPM1,TP53,1
CDK4,HDM2,1
CDKN2A,HDM2,1
E2F1,HDM2,1
HDM2,RB1,1
CDK4,PRKCB,1
CDK6,PRKCB,1
AKT,ERK1/2,2
AKT,FAK,1
ERK1/2,FAK,1
CDK4,FUS,2
CHOP,FUS,1
FUS,MDM2,1
CDK4,LPP,1
HMGA2,LPP,1
LPP,MDM2,1
CCND1,miRNAs,1
CCND3,CCNE1,4
CCND3,miRNAs,1
CCNE1,miRNAs,1
CDK6,miRNAs,1
CDK4,HSP90,2
CDK4,CDK5,3
CDK5,PCNA,1
CDK5,RB1,1
PCNA,RB1,1
CDK4,MC1R,8
CDKN2A,MC1R,8
CCND1,RUNX2,1
CCND1,RUNX3,1
CDK4,RUNX2,2
CDK4,RUNX3,1
RUNX2,RUNX3,1
GLI,HMGA2,1
GLI,SAS,2
AKT,TGFB1,1
CDK4,MDM4,4
CDK4,PIK3C2B,1
CDKN2A,MDM4,2
CDKN2A,PDGFRA,6
CDKN2A,PIK3C2B,1
CDKN2B,MDM4,1
CDKN2B,PDGFRA,2
CDKN2B,PIK3C2B,1
EGFR,MDM4,2
EGFR,PIK3C2B,1
MDM2,MDM4,3
MDM2,PIK3C2B,1
MDM4,PDGFRA,2
MDM4,PIK3C2B,1
MDM4,TP53,1
PDGFRA,PIK3C2B,1
PDGFRA,TP53,4
PIK3C2B,TP53,1
CDK4,TSPAN31,3
CCND1,HMGA2,1
CDKN2A,HMGA2,1
HMGA2,RB1,1
HMGA2,TP53,2
CDK4,CPM,4
CPM,HMGA2,3
CPM,MDM2,4
CPM,TSPAN31,1
HMGA2,TSPAN31,1
MDM2,TSPAN31,1
CCNA2,CCNB1,1
CCNA2,CDK4,4
CCNA2,CDK6,4
CCNA2,CKS2,1
CCNA2,EGFR,1
CCNA2,PNCA,1
CCNA2,VEGF,1
CCNB1,CDK6,5
CCNB1,CKS2,1
CCNB1,EGFR,2
CCNB1,PNCA,1
CCNB1,VEGF,1
CDK4,CKS2,1
CDK4,PNCA,1
CDK4,VEGF,6
CDK6,CKS2,1
CDK6,PNCA,1
CDK6,VEGF,5
CKS2,EGFR,1
CKS2,PNCA,1
CKS2,VEGF,1
EGFR,PNCA,1
EGFR,VEGF,3
PNCA,VEGF,1
CCND2,PCNA,1
CDKN1A,PCNA,3
CDKN1B,PCNA,1
CDK4,DIABLO,1
CDK4,KNTC1,1
CDK4,MEIS1,2
CDK4,MPHOSPH9,1
CDK4,RSRC2,1
CDK4,ZCCHC8,1
DIABLO,KNTC1,1
DIABLO,MDM2,1
DIABLO,MEIS1,1
DIABLO,MPHOSPH9,1
DIABLO,MYCN,1
DIABLO,RSRC2,1
DIABLO,ZCCHC8,1
KNTC1,MDM2,1
KNTC1,MEIS1,1
KNTC1,MPHOSPH9,1
KNTC1,MYCN,1
KNTC1,RSRC2,1
KNTC1,ZCCHC8,1
MDM2,MEIS1,2
MDM2,MPHOSPH9,1
MDM2,RSRC2,1
MDM2,ZCCHC8,1
MEIS1,MPHOSPH9,1
MEIS1,MYCN,1
MEIS1,RSRC2,1
MEIS1,ZCCHC8,1
MPHOSPH9,MYCN,1
MPHOSPH9,RSRC2,1
MPHOSPH9,ZCCHC8,1
MYCN,RSRC2,1
MYCN,ZCCHC8,1
RSRC2,ZCCHC8,1
CCNA1,CCNB1,1
CCNA1,CCND1,1
CCNA1,CDK4,1
CCNA1,CDK6,2
CCNA1,CDKN1A,1
CCNA1,CXCR2,1
CCNB1,CDKN1A,2
CCNB1,CXCR2,1
CCND1,CXCR2,1
CDK4,CXCR2,1
CDK6,CXCR2,1
CDKN1A,CXCR2,1
CDK4,PDGFB,3
MDM2,PDGFB,1
MYC,PDGFB,1
CDK4,p53,2
CDKN2B,p53,1
CDK4,YEATS4,3
CCND1,HDAC1,1
CCND1,NS,1
CDKN2A,HDAC1,1
CDKN2A,NS,1
CDKN2B,HDAC1,1
CDKN2B,NS,1
CDKN2C,HDAC1,1
CDKN2C,NS,1
HDAC1,NS,1
CCND1,TERT,3
CDK4,TERT,17
CDKN1A,TERT,1
PTEN,TERT,7
RB1,TERT,5
CDK4,MEP50,1
CDK4,PRMT5,2
MEP50,PRMT5,1
CCND1,OTX2,1
CCND2,OTX2,1
CDK4,OTX2,1
CDK6,OTX2,2
MYC,OTX2,2
KHDRBS2,MOCS2,1
KHDRBS2,MYC,1
KHDRBS2,NSUN3,1
KHDRBS2,RB1,1
KHDRBS2,SNTG1,1
KHDRBS2,ST18,1
KHDRBS2,WRN,1
MOCS2,MYC,1
MOCS2,NSUN3,1
MOCS2,RB1,1
MOCS2,SNTG1,1
MOCS2,ST18,1
MOCS2,WRN,1
MYC,NSUN3,1
MYC,SNTG1,1
MYC,ST18,1
MYC,WRN,1
NSUN3,RB1,1
NSUN3,SNTG1,1
NSUN3,ST18,1
NSUN3,WRN,1
RB1,SNTG1,1
RB1,ST18,1
RB1,WRN,1
SNTG1,ST18,1
SNTG1,WRN,1
ST18,WRN,1
CDKN2A,TERT,9
CDK6,ESR1,64
ESR1,RB1,7
CDK6,CSN5,1
CDK6,ITGB1,1
CDK6,TGFB1,4
CSN5,ITGB1,1
CSN5,MYC,1
CSN5,TGFB1,1
ITGB1,MYC,1
ITGB1,TGFB1,1
MYC,TGFB1,1
CDK4,HPV,2
CDK4,MCM7,2
CDKN2A,HPV,2
CDKN2A,MCM7,1
HPV,MCM7,1
AURKA,CDK4,8
AURKA,IGF1R,1
AURKA,MDM2,2
AURKA,TOP2A,1
AURKA,ZIC1,1
CDK4,IGF1R,7
CDK4,TOP2A,3
CDK4,ZIC1,1
IGF1R,MDM2,3
IGF1R,TOP2A,2
IGF1R,ZIC1,1
MDM2,TOP2A,2
MDM2,ZIC1,1
TOP2A,ZIC1,1
CDK1,CDK2,3
CDK1,CDK4,9
CDK1,CDK6,5
CDK1,CDKN1A,2
CDK1,CDKN1B,2
CDK1,CDKN2A,2
CDK2,CDKN1A,3
CDK2,CDKN1B,2
CCND1,RB,4
CDK4,RB,9
CDK6,RB,8
KIT,MITF,1
BRAF,MAPK,4
BRAF,RB1,2
CDKN2A,MAPK,3
MAPK,RB1,3
BRAF,HRAS,1
BRAF,KRAS,8
BRAF,MAP2K1,4
BRAF,MAP2K2,1
BRAF,PTPN11,2
BRAF,RAF1,2
CDKN2A,KRAS,6
CDKN2A,MAP2K1,3
CDKN2A,MAP2K2,1
CDKN2A,PTPN11,2
CDKN2A,RAF1,3
HRAS,KRAS,1
HRAS,MAP2K1,1
HRAS,MAP2K2,1
HRAS,PTEN,1
HRAS,PTPN11,1
HRAS,RAF1,1
KRAS,MAP2K1,3
KRAS,MAP2K2,1
KRAS,PTEN,2
KRAS,PTPN11,3
KRAS,RAF1,1
KRAS,RB1,3
MAP2K1,MAP2K2,1
MAP2K1,PTEN,2
MAP2K1,PTPN11,2
MAP2K1,RAF1,1
MAP2K1,RB1,1
MAP2K2,PTEN,1
MAP2K2,PTPN11,1
MAP2K2,RAF1,1
MAP2K2,RB1,1
PTEN,PTPN11,2
PTEN,RAF1,2
PTPN11,RAF1,1
PTPN11,RB1,1
RAF1,RB1,2
BRAF,ERBB4,2
BRAF,PTK2B,1
CDK4,ERBB4,4
CDK4,PTK2B,1
ERBB4,NRAS,1
ERBB4,PTK2B,1
NRAS,PTK2B,1
BRAF,CDK6,28
BRAF,MC1R,2
CDK6,KIT,3
CDK6,MC1R,1
CDK6,NRAS,19
CDKN2A,KIT,3
KIT,MC1R,1
MC1R,NRAS,1
CDK4,GNS,1
CDK4,WIF1,1
GNS,HMGA2,1
GNS,WIF1,1
HMGA2,WIF1,1
AKT1,PLAUR,1
AKT1,PPARG,1
AKT1,TOB1,1
CCND1,PLAUR,1
CCND1,PPARG,1
CCND1,TOB1,1
CDK4,GSK3B,3
CDK4,PLAUR,1
CDK4,PPARG,1
CDK4,TOB1,1
GSK3B,PLAUR,1
GSK3B,PPARG,1
GSK3B,TOB1,1
PLAUR,PPARG,1
PLAUR,TOB1,1
PPARG,TOB1,1
APC,BRAF,3
APC,CDK6,2
APC,DAPK1,1
APC,KRAS,1
APC,TP53,3
BRAF,DAPK1,1
CDK6,DAPK1,1
CDK6,KRAS,18
DAPK1,KRAS,1
DAPK1,TP53,1
KRAS,TP53,7
CCND1,MEK1,1
CDK4,MEK1,4
CDKN1B,MEK1,1
CDKN2A,MEK1,2
CCND1,CDKN2A (p16),2
CDK4,PTPN1,1
MDM2,PTPN1,1
PTPN1,TP53,1
CDK4,DLC1,1
CDK6,DLC1,1
CDKN2A,DLC1,1
CDKN2B,DLC1,1
CDK4,PRMT6,1
CDKN2A,CDKN2A (p16),1
CDKN2A,PRMT6,1
CDKN2A (p16),PRMT6,1
PRMT6,RB1,1
CDH1,CDK6,3
CDH1,DRAM,1
CDH1,E2F4,1
CDH1,ELK1,1
CDH1,GTSE1,1
CDH1,HMGA2,1
CDH1,MMP2,1
CDH1,MMP9,1
CDH1,SNAI1,1
CDK6,DRAM,1
CDK6,ELK1,1
CDK6,GTSE1,1
CDK6,HMGA2,1
CDK6,MMP2,2
CDK6,MMP9,2
CDK6,SNAI1,1
DRAM,E2F4,1
DRAM,ELK1,1
DRAM,GTSE1,1
DRAM,HMGA2,1
DRAM,MMP2,1
DRAM,MMP9,1
DRAM,SNAI1,1
E2F4,ELK1,1
E2F4,GTSE1,1
E2F4,HMGA2,1
E2F4,MMP2,1
E2F4,MMP9,1
E2F4,SNAI1,1
ELK1,GTSE1,1
ELK1,HMGA2,1
ELK1,MMP2,1
ELK1,MMP9,1
ELK1,SNAI1,1
GTSE1,HMGA2,1
GTSE1,MMP2,1
GTSE1,MMP9,1
GTSE1,SNAI1,1
HMGA2,MMP2,1
HMGA2,MMP9,1
HMGA2,SNAI1,1
MMP2,MMP9,3
MMP2,SNAI1,1
MMP9,SNAI1,1
AKT1,BAX,1
AKT1,BCL2,2
AKT1,CAMKK2,1
AKT1,CCNE1,1
AKT1,CDC42,1
AKT1,CDK1,1
AKT1,CDKN1B,3
AKT1,Cdc25B,1
AKT1,MAPK14,2
AKT1,MAPK8,2
AKT1,NOTCH4,1
AKT1,PRKCA,1
AKT1,TNF,1
AKT1,XIAP,1
BAX,BCL2,3
BAX,CAMKK2,1
BAX,CCNE1,1
BAX,CDC42,1
BAX,CDK1,2
BAX,CDK4,5
BAX,CDKN1B,2
BAX,Cdc25B,1
BAX,MAPK14,2
BAX,MAPK8,1
BAX,NOTCH4,1
BAX,PRKCA,1
BAX,TNF,1
BAX,XIAP,1
BCL2,CAMKK2,1
BCL2,CCNE1,1
BCL2,CDC42,1
BCL2,CDK1,1
BCL2,CDKN1B,2
BCL2,Cdc25B,1
BCL2,MAPK14,1
BCL2,MAPK8,1
BCL2,NOTCH4,1
BCL2,PRKCA,1
BCL2,TNF,1
BCL2,XIAP,1
CAMKK2,CCNE1,1
CAMKK2,CDC42,1
CAMKK2,CDK1,1
CAMKK2,CDK4,1
CAMKK2,CDKN1B,1
CAMKK2,Cdc25B,1
CAMKK2,MAPK14,1
CAMKK2,MAPK8,1
CAMKK2,NOTCH4,1
CAMKK2,PRKCA,1
CAMKK2,TNF,1
CAMKK2,XIAP,1
CCNE1,CDC42,1
CCNE1,CDK1,1
CCNE1,CDKN1B,3
CCNE1,Cdc25B,1
CCNE1,MAPK14,1
CCNE1,MAPK8,1
CCNE1,NOTCH4,1
CCNE1,PRKCA,1
CCNE1,TNF,1
CCNE1,XIAP,2
CDC42,CDK1,1
CDC42,CDK4,1
CDC42,CDKN1B,1
CDC42,Cdc25B,1
CDC42,MAPK14,1
CDC42,MAPK8,1
CDC42,NOTCH4,1
CDC42,PRKCA,1
CDC42,TNF,1
CDC42,XIAP,1
CDK1,Cdc25B,1
CDK1,MAPK14,1
CDK1,MAPK8,1
CDK1,NOTCH4,1
CDK1,PRKCA,1
CDK1,TNF,1
CDK1,XIAP,1
CDK4,Cdc25B,1
CDK4,MAPK8,3
CDK4,PRKCA,2
CDK4,TNF,1
CDK4,XIAP,2
CDKN1B,Cdc25B,1
CDKN1B,MAPK14,1
CDKN1B,MAPK8,1
CDKN1B,NOTCH4,1
CDKN1B,PRKCA,1
CDKN1B,TNF,1
CDKN1B,XIAP,1
Cdc25B,MAPK14,1
Cdc25B,MAPK8,1
Cdc25B,NOTCH4,1
Cdc25B,PRKCA,1
Cdc25B,TNF,1
Cdc25B,XIAP,1
MAPK14,MAPK8,1
MAPK14,PRKCA,1
MAPK14,TNF,1
MAPK14,XIAP,1
MAPK8,NOTCH4,1
MAPK8,PRKCA,1
MAPK8,TNF,1
MAPK8,XIAP,1
NOTCH4,PRKCA,1
NOTCH4,TNF,1
NOTCH4,XIAP,1
PRKCA,TNF,1
PRKCA,XIAP,1
TNF,XIAP,1
CDKN2C,HRAS,1
AKT,CDK4,23
AKT,FGFR,3
AKT,FRS2,1
AKT,MDM2,1
CDK4,ERK1/2,1
CDK4,FGFR,11
ERK1/2,FGFR,1
ERK1/2,FRS2,1
ERK1/2,MDM2,1
FGFR,FRS2,1
FGFR,MDM2,2
AKT,BRAF,1
AKT,CTNNB1,1
AKT,EGFR,1
AKT,FBXW7,1
AKT,JAK2,1
AKT,KIT,1
AKT,KRAS,1
AKT,PDGFRA,1
AKT,PIK3CA,8
AKT,VEGFA,1
BRAF,EGFR,8
BRAF,FBXW7,2
BRAF,JAK2,2
BRAF,PDGFRA,4
BRAF,PIK3CA,9
BRAF,VEGFA,1
CDK4,FBXW7,3
CDK4,JAK2,4
CDK4,KRAS,14
CDK4,PIK3CA,74
CTNNB1,EGFR,4
CTNNB1,FBXW7,2
CTNNB1,JAK2,1
CTNNB1,KIT,1
CTNNB1,KRAS,2
CTNNB1,PDGFRA,1
CTNNB1,PIK3CA,5
CTNNB1,VEGFA,1
EGFR,FBXW7,3
EGFR,JAK2,2
EGFR,KIT,2
EGFR,KRAS,4
EGFR,PIK3CA,11
FBXW7,JAK2,1
FBXW7,KIT,1
FBXW7,KRAS,1
FBXW7,PDGFRA,1
FBXW7,PIK3CA,1
FBXW7,VEGFA,1
JAK2,KIT,1
JAK2,KRAS,1
JAK2,PDGFRA,1
JAK2,PIK3CA,3
JAK2,VEGFA,1
KIT,KRAS,1
KIT,PDGFRA,5
KIT,PIK3CA,2
KIT,VEGFA,1
KRAS,PDGFRA,1
KRAS,PIK3CA,6
KRAS,VEGFA,1
PDGFRA,PIK3CA,3
PDGFRA,VEGFA,1
PIK3CA,VEGFA,1
ABL1,BCR,1
ABL1,CDK6,1
ABL1,EWSR1,1
ABL1,RAF1,1
ABL1,ROS1,1
ABL1,SLC1A2,1
BCR,CDK6,1
BCR,EWSR1,1
BCR,RAF1,1
BCR,ROS1,1
BCR,SLC1A2,1
CDK6,EWSR1,1
CDK6,RAF1,2
CDK6,ROS1,1
CDK6,SLC1A2,1
EWSR1,RAF1,1
EWSR1,ROS1,1
EWSR1,SLC1A2,1
RAF1,ROS1,1
RAF1,SLC1A2,1
ROS1,SLC1A2,1
ASS1,CDK4,1
ASS1,MCL1,1
ASS1,MDM2,1
ASS1,MET,1
ASS1,MTOR,1
ASS1,NAB2,1
ASS1,STAT6,1
CDK4,MCL1,5
CDK4,MET,15
CDK4,MTOR,60
CDK4,NAB2,3
CDK4,STAT6,4
MCL1,MDM2,2
MCL1,MET,1
MCL1,MTOR,3
MCL1,NAB2,1
MCL1,STAT6,1
MDM2,MET,5
MDM2,MTOR,1
MDM2,NAB2,3
MDM2,STAT6,4
MET,MTOR,3
MET,NAB2,1
MET,STAT6,1
MTOR,NAB2,1
MTOR,STAT6,1
NAB2,STAT6,3
CCNA2,CCND1,1
CCNA2,CCNE1,1
CCNA2,CDK,1
CCNA2,RB1,2
CCND1,CDK,3
CCNE1,CDK,1
ACACA,CCND1,1
ACACA,CDK4,1
BIRC5,CCNE2,1
BIRC5,CDH1,1
BIRC5,CDK6,2
BIRC5,CTSB,1
BIRC5,DAB2,1
BIRC5,DDX15,1
BIRC5,EGFR,1
BIRC5,EGR1,1
BIRC5,GATA3,1
BIRC5,GLTSCR2,1
BIRC5,HGF,1
BIRC5,HMMR/RHAMM,1
BIRC5,ITGB4,1
BIRC5,KCNK12,1
BIRC5,LAMA3,1
BIRC5,LICAM2,1
BIRC5,LOXL2,1
BIRC5,MET,1
BIRC5,MMP13,1
BIRC5,MSH2,1
BIRC5,NM-23H1,1
BIRC5,PDGFRA,1
BIRC5,RASSF2,1
BIRC5,SULT2A1,1
BIRC5,TP53,1
BIRC5,p16/INK4a,1
CCNE2,CDH1,1
CCNE2,CDK6,2
CCNE2,CTSB,1
CCNE2,DAB2,1
CCNE2,DDX15,1
CCNE2,EGFR,1
CCNE2,EGR1,1
CCNE2,GATA3,1
CCNE2,GLTSCR2,1
CCNE2,HGF,1
CCNE2,HMMR/RHAMM,1
CCNE2,ITGB4,1
CCNE2,KCNK12,1
CCNE2,LAMA3,1
CCNE2,LICAM2,1
CCNE2,LOXL2,1
CCNE2,MET,1
CCNE2,MMP13,1
CCNE2,MSH2,1
CCNE2,NM-23H1,1
CCNE2,PDGFRA,1
CCNE2,RASSF2,1
CCNE2,SULT2A1,1
CCNE2,TP53,1
CCNE2,p16/INK4a,1
CDH1,CTSB,1
CDH1,DAB2,1
CDH1,DDX15,1
CDH1,EGFR,2
CDH1,EGR1,1
CDH1,GATA3,1
CDH1,GLTSCR2,1
CDH1,HGF,1
CDH1,HMMR/RHAMM,1
CDH1,ITGB4,1
CDH1,KCNK12,1
CDH1,LAMA3,1
CDH1,LICAM2,1
CDH1,LOXL2,1
CDH1,MET,2
CDH1,MMP13,1
CDH1,MSH2,2
CDH1,NM-23H1,1
CDH1,PDGFRA,1
CDH1,RASSF2,1
CDH1,SULT2A1,1
CDH1,TP53,3
CDH1,p16/INK4a,1
CDK6,CTSB,1
CDK6,DAB2,1
CDK6,DDX15,1
CDK6,EGR1,1
CDK6,GATA3,1
CDK6,GLTSCR2,1
CDK6,HMMR/RHAMM,1
CDK6,ITGB4,1
CDK6,KCNK12,1
CDK6,LAMA3,1
CDK6,LICAM2,1
CDK6,LOXL2,1
CDK6,MMP13,1
CDK6,MSH2,1
CDK6,NM-23H1,1
CDK6,PDGFRA,2
CDK6,RASSF2,1
CDK6,SULT2A1,1
CDK6,p16/INK4a,1
CTSB,DAB2,1
CTSB,DDX15,1
CTSB,EGFR,1
CTSB,EGR1,1
CTSB,GATA3,1
CTSB,GLTSCR2,1
CTSB,HGF,1
CTSB,HMMR/RHAMM,1
CTSB,ITGB4,1
CTSB,KCNK12,1
CTSB,LAMA3,1
CTSB,LICAM2,1
CTSB,LOXL2,1
CTSB,MET,1
CTSB,MMP13,1
CTSB,MSH2,1
CTSB,NM-23H1,1
CTSB,PDGFRA,1
CTSB,RASSF2,1
CTSB,SULT2A1,1
CTSB,TP53,1
CTSB,p16/INK4a,1
DAB2,DDX15,1
DAB2,EGFR,1
DAB2,EGR1,1
DAB2,GATA3,1
DAB2,GLTSCR2,1
DAB2,HGF,1
DAB2,HMMR/RHAMM,1
DAB2,ITGB4,1
DAB2,KCNK12,1
DAB2,LAMA3,1
DAB2,LICAM2,1
DAB2,LOXL2,1
DAB2,MET,1
DAB2,MMP13,1
DAB2,MSH2,1
DAB2,NM-23H1,1
DAB2,PDGFRA,1
DAB2,RASSF2,1
DAB2,SULT2A1,1
DAB2,TP53,1
DAB2,p16/INK4a,1
DDX15,EGFR,1
DDX15,EGR1,1
DDX15,GATA3,1
DDX15,GLTSCR2,1
DDX15,HGF,1
DDX15,HMMR/RHAMM,1
DDX15,ITGB4,1
DDX15,KCNK12,1
DDX15,LICAM2,1
DDX15,LOXL2,1
DDX15,MET,1
DDX15,MMP13,1
DDX15,NM-23H1,1
DDX15,PDGFRA,1
DDX15,RASSF2,1
DDX15,SULT2A1,1
DDX15,TP53,1
DDX15,p16/INK4a,1
EGFR,EGR1,1
EGFR,GATA3,1
EGFR,GLTSCR2,1
EGFR,HGF,1
EGFR,HMMR/RHAMM,1
EGFR,ITGB4,1
EGFR,KCNK12,1
EGFR,LAMA3,1
EGFR,LICAM2,1
EGFR,LOXL2,1
EGFR,MET,12
EGFR,MMP13,1
EGFR,MSH2,1
EGFR,NM-23H1,1
EGFR,RASSF2,1
EGFR,SULT2A1,1
EGFR,p16/INK4a,1
EGR1,GATA3,1
EGR1,GLTSCR2,1
EGR1,HGF,1
EGR1,HMMR/RHAMM,1
EGR1,ITGB4,1
EGR1,KCNK12,1
EGR1,LAMA3,1
EGR1,LICAM2,1
EGR1,LOXL2,1
EGR1,MET,1
EGR1,MMP13,1
EGR1,MSH2,1
EGR1,NM-23H1,1
EGR1,PDGFRA,1
EGR1,RASSF2,1
EGR1,SULT2A1,1
EGR1,TP53,1
EGR1,p16/INK4a,1
GATA3,GLTSCR2,1
GATA3,HGF,1
GATA3,HMMR/RHAMM,1
GATA3,ITGB4,1
GATA3,KCNK12,1
GATA3,LAMA3,1
GATA3,LICAM2,1
GATA3,LOXL2,1
GATA3,MET,1
GATA3,MMP13,1
GATA3,MSH2,1
GATA3,NM-23H1,1
GATA3,PDGFRA,1
GATA3,RASSF2,1
GATA3,SULT2A1,1
GATA3,TP53,1
GATA3,p16/INK4a,1
GLTSCR2,HGF,1
GLTSCR2,HMMR/RHAMM,1
GLTSCR2,ITGB4,1
GLTSCR2,KCNK12,1
GLTSCR2,LAMA3,1
GLTSCR2,LICAM2,1
GLTSCR2,LOXL2,1
GLTSCR2,MET,1
GLTSCR2,MMP13,1
GLTSCR2,MSH2,1
GLTSCR2,NM-23H1,1
GLTSCR2,PDGFRA,1
GLTSCR2,RASSF2,1
GLTSCR2,SULT2A1,1
GLTSCR2,TP53,1
GLTSCR2,p16/INK4a,1
HGF,HMMR/RHAMM,1
HGF,ITGB4,1
HGF,KCNK12,1
HGF,LAMA3,1
HGF,LICAM2,1
HGF,LOXL2,1
HGF,MET,1
HGF,MMP13,1
HGF,MSH2,1
HGF,NM-23H1,1
HGF,PDGFRA,1
HGF,RASSF2,1
HGF,SULT2A1,1
HGF,TP53,1
HGF,p16/INK4a,1
HMMR/RHAMM,ITGB4,1
HMMR/RHAMM,KCNK12,1
HMMR/RHAMM,LAMA3,1
HMMR/RHAMM,LICAM2,1
HMMR/RHAMM,LOXL2,1
HMMR/RHAMM,MET,1
HMMR/RHAMM,MMP13,1
HMMR/RHAMM,MSH2,1
HMMR/RHAMM,NM-23H1,1
HMMR/RHAMM,PDGFRA,1
HMMR/RHAMM,RASSF2,1
HMMR/RHAMM,SULT2A1,1
HMMR/RHAMM,TP53,1
HMMR/RHAMM,p16/INK4a,1
ITGB4,KCNK12,1
ITGB4,LAMA3,1
ITGB4,LICAM2,1
ITGB4,LOXL2,1
ITGB4,MET,1
ITGB4,MMP13,1
ITGB4,MSH2,1
ITGB4,NM-23H1,1
ITGB4,PDGFRA,1
ITGB4,RASSF2,1
ITGB4,SULT2A1,1
ITGB4,TP53,1
ITGB4,p16/INK4a,1
KCNK12,LAMA3,1
KCNK12,LICAM2,1
KCNK12,LOXL2,1
KCNK12,MET,1
KCNK12,MMP13,1
KCNK12,MSH2,1
KCNK12,NM-23H1,1
KCNK12,PDGFRA,1
KCNK12,RASSF2,1
KCNK12,SULT2A1,1
KCNK12,TP53,1
KCNK12,p16/INK4a,1
LAMA3,LICAM2,1
LAMA3,LOXL2,1
LAMA3,MET,1
LAMA3,MMP13,1
LAMA3,NM-23H1,1
LAMA3,PDGFRA,1
LAMA3,RASSF2,1
LAMA3,SULT2A1,1
LAMA3,TP53,1
LAMA3,p16/INK4a,1
LICAM2,LOXL2,1
LICAM2,MET,1
LICAM2,MMP13,1
LICAM2,MSH2,1
LICAM2,NM-23H1,1
LICAM2,PDGFRA,1
LICAM2,RASSF2,1
LICAM2,SULT2A1,1
LICAM2,TP53,1
LICAM2,p16/INK4a,1
LOXL2,MET,1
LOXL2,MMP13,1
LOXL2,MSH2,1
LOXL2,NM-23H1,1
LOXL2,PDGFRA,1
LOXL2,RASSF2,1
LOXL2,SULT2A1,1
LOXL2,TP53,1
LOXL2,p16/INK4a,1
MET,MMP13,1
MET,MSH2,1
MET,NM-23H1,1
MET,PDGFRA,1
MET,RASSF2,1
MET,SULT2A1,1
MET,TP53,5
MET,p16/INK4a,1
MMP13,MSH2,1
MMP13,NM-23H1,1
MMP13,PDGFRA,1
MMP13,RASSF2,1
MMP13,SULT2A1,1
MMP13,TP53,1
MMP13,p16/INK4a,1
MSH2,NM-23H1,1
MSH2,PDGFRA,1
MSH2,RASSF2,1
MSH2,SULT2A1,1
MSH2,TP53,2
MSH2,p16/INK4a,1
NM-23H1,PDGFRA,1
NM-23H1,RASSF2,1
NM-23H1,SULT2A1,1
NM-23H1,TP53,1
NM-23H1,p16/INK4a,1
PDGFRA,RASSF2,1
PDGFRA,SULT2A1,1
PDGFRA,p16/INK4a,1
RASSF2,SULT2A1,1
RASSF2,TP53,1
RASSF2,p16/INK4a,1
SULT2A1,TP53,1
SULT2A1,p16/INK4a,1
TP53,p16/INK4a,1
AKT1,CDKN2A,4
AKT1,MEK1,1
AKT1,PIK3CA,22
AKT1,RAF1,1
AKT1,RARB,1
AKT1,RAS,3
CDKN2A,PIK3CA,10
CDKN2A,RARB,1
MEK1,PIK3CA,1
MEK1,RAF1,1
MEK1,RARB,1
MEK1,RAS,1
MEK1,RB1,1
PIK3CA,RAF1,2
PIK3CA,RARB,1
PIK3CA,RAS,4
PIK3CA,RB1,6
RAF1,RARB,1
RAF1,RAS,1
RARB,RAS,1
RARB,RB1,1
CCND1,NDR1,1
CCND1,NDR2,1
CDK4,NDR1,1
CDK4,NDR2,1
CDKN1A,NDR1,1
CDKN1A,NDR2,1
NDR1,NDR2,1
CCND1,YY1,1
CDK4,YY1,1
CDKN1A,YY1,1
AKT,ERK,1
AKT,TRPM7,1
CDK4,ERK,3
CDK4,TRPM7,1
ERK,TRPM7,1
ACC,CDK4,2
ACC,CDK6,2
ACC,FGFR,1
CDK6,FGFR,9
CCND1,SB,1
CDK4,SB,1
CDKN1A,SB,1
SB,TP53,1
BAP1,CCND1,1
BAP1,CDK4,8
BAP1,CDKN2A,7
BAP1,MITF,6
CDK4,VDR,1
BAX,CASP3,4
BAX,CCND1,4
BAX,CD34,1
BAX,CDKN1A,2
BAX,IL24,1
BAX,OSM,1
BAX,PTGS2,1
BAX,TP53,1
CASP3,CCND1,4
CASP3,CD34,1
CASP3,CDKN1A,1
CASP3,IL24,1
CASP3,OSM,1
CASP3,PTGS2,1
CASP3,TP53,1
CCND1,CD34,2
CCND1,IL24,1
CCND1,OSM,1
CCND1,PTGS2,1
CD34,CDK4,2
CD34,CDKN1A,1
CD34,IL24,1
CD34,OSM,1
CD34,PTGS2,1
CD34,TP53,1
CDK4,IL24,1
CDK4,OSM,1
CDK4,PTGS2,1
CDKN1A,IL24,1
CDKN1A,OSM,1
CDKN1A,PTGS2,1
IL24,OSM,1
IL24,PTGS2,1
IL24,TP53,1
OSM,PTGS2,1
OSM,TP53,1
PTGS2,TP53,1
CCND1,CCNE,5
CCND1,MTOR,10
CCNE,MTOR,1
CDK4,FLT1,1
CDK4,FLT4,1
CDK4,KDR,2
CDKN2A,FLT1,1
CDKN2A,FLT4,1
CDKN2A,KDR,1
FLT1,FLT4,1
FLT1,KDR,1
FLT1,KIT,1
FLT1,MDM2,1
FLT1,MYC,1
FLT4,KDR,1
FLT4,KIT,1
FLT4,MDM2,1
FLT4,MYC,1
KDR,KIT,1
KDR,MDM2,2
KDR,MYC,1
KIT,MDM2,3
KIT,MYC,1
CCND1,LKB1,1
CCND1,STK11,1
CCND3,CDKN2B,3
CCND3,LKB1,1
CCND3,STK11,1
CCNE1,CDKN1A,6
CCNE1,LKB1,1
CCNE1,STK11,1
CDK4,LKB1,1
CDK4,STK11,5
CDK6,LKB1,1
CDK6,STK11,2
CDKN1A,LKB1,1
CDKN1A,STK11,1
CDKN1B,LKB1,1
CDKN1B,STK11,1
CDKN2A,LKB1,1
CDKN2A,STK11,3
CDKN2B,LKB1,1
CDKN2B,STK11,1
LKB1,STK11,1
LKB1,TP53,1
STK11,TP53,4
CDK4,IMP3,1
CDK4,PLAU,1
CDK4,ROR2,1
IMP3,MDM2,1
IMP3,PLAU,1
IMP3,ROR2,1
MDM2,PLAU,1
MDM2,ROR2,1
PLAU,ROR2,1
CCND1,CTNNA1,1
CCND1,NF1,5
CCND1,PIK3CA,12
CDK4,CTNNA1,1
CDK4,NF1,20
CDKN2A,CTNNA1,1
CDKN2A,MTOR,5
CDKN2A,NF1,9
CTNNA1,CTNNB1,1
CTNNA1,MTOR,1
CTNNA1,NF1,1
CTNNA1,PIK3CA,1
CTNNB1,MTOR,1
CTNNB1,NF1,1
MTOR,NF1,2
MTOR,PIK3CA,23
NF1,PIK3CA,3
CDK4,COMT,1
CCND1,CDK1,3
APC,CCND2,1
APC,CDK4,5
APC,RB1,1
AKT,BTK,1
AKT,PI3K,5
BTK,CDK4,1
BTK,PI3K,1
CDK4,PI3K,15
CCND1,MIF,1
CDK4,MIF,1
BAX,BCL2L1,2
BAX,CDKN2A,1
BAX,PARP1,1
BAX,PTEN,1
BAX,STAT3,1
BCL2,BCL2L1,3
BCL2,PARP1,1
BCL2,PTEN,1
BCL2,STAT3,1
BCL2L1,CCND1,2
BCL2L1,CDK4,2
BCL2L1,CDKN1A,1
BCL2L1,CDKN1B,1
BCL2L1,CDKN2A,1
BCL2L1,PARP1,1
BCL2L1,PTEN,1
BCL2L1,STAT3,1
CCND1,PARP1,1
CCND1,STAT3,4
CDK4,PARP1,8
CDK4,STAT3,5
CDKN1A,PARP1,1
CDKN1A,STAT3,1
CDKN1B,PARP1,1
CDKN1B,STAT3,1
CDKN2A,PARP1,2
CDKN2A,STAT3,1
PARP1,PTEN,1
PARP1,STAT3,1
PTEN,STAT3,1
AKT,CCND1,5
AKT,CDKN1A,1
AKT,CDKN1B,1
AKT,CNKSR2,1
AKT,FOXO3A,1
AKT,PTEN,2
AKT,SMURF2,1
CCND1,CNKSR2,1
CCND1,FOXO3A,1
CCND1,SMURF2,1
CDK4,CNKSR2,1
CDK4,FOXO3A,1
CDK4,SMURF2,1
CDKN1A,CNKSR2,1
CDKN1A,FOXO3A,1
CDKN1A,SMURF2,1
CDKN1B,CNKSR2,1
CDKN1B,FOXO3A,1
CDKN1B,SMURF2,1
CNKSR2,FOXO3A,1
CNKSR2,PTEN,1
CNKSR2,SMURF2,1
FOXO3A,PTEN,1
FOXO3A,SMURF2,1
PTEN,SMURF2,1
ESR1,HER2,6
ESR1,PR,2
HER2,PR,3
CCND1,IRG1,1
CDK4,IRG1,1
CDK6,IRG1,1
CDKN1A,IRG1,1
E2F1,IRG1,1
CDK4,EZH2,6
CDK4,IKBKB,1
CDK4,IKBKE,1
CDK4,NEMO,1
CDK4,NFKB,2
CDK4,NFKB2,1
CDK4,NFKBIA,3
CDK4,NIK,1
CDK4,REL,1
CDK4,RELA,2
CDK4,RELB,1
CDK6,EZH2,7
CDK6,IKBKB,1
CDK6,IKBKE,1
CDK6,NEMO,1
CDK6,NFKB,2
CDK6,NFKB2,1
CDK6,NFKBIA,1
CDK6,NIK,1
CDK6,REL,1
CDK6,RELA,1
CDK6,RELB,1
CDKN1A,EZH2,1
CDKN1A,IKBKB,1
CDKN1A,IKBKE,1
CDKN1A,NEMO,1
CDKN1A,NFKB,1
CDKN1A,NFKB2,1
CDKN1A,NFKBIA,2
CDKN1A,NIK,1
CDKN1A,REL,1
CDKN1A,RELA,2
CDKN1A,RELB,1
EZH2,IKBKB,1
EZH2,IKBKE,1
EZH2,NEMO,1
EZH2,NFKB,1
EZH2,NFKB2,1
EZH2,NFKBIA,1
EZH2,NIK,1
EZH2,REL,1
EZH2,RELA,1
EZH2,RELB,1
EZH2,TP53,2
IKBKB,IKBKE,1
IKBKB,NEMO,1
IKBKB,NFKB,1
IKBKB,NFKB2,1
IKBKB,NFKBIA,1
IKBKB,NIK,1
IKBKB,REL,1
IKBKB,RELA,1
IKBKB,RELB,1
IKBKB,TP53,1
IKBKE,NEMO,1
IKBKE,NFKB,1
IKBKE,NFKB2,1
IKBKE,NFKBIA,1
IKBKE,NIK,1
IKBKE,REL,1
IKBKE,RELA,1
IKBKE,RELB,1
IKBKE,TP53,1
NEMO,NFKB,1
NEMO,NFKB2,1
NEMO,NFKBIA,1
NEMO,NIK,1
NEMO,REL,1
NEMO,RELA,1
NEMO,RELB,1
NEMO,TP53,1
NFKB,NFKB2,1
NFKB,NFKBIA,1
NFKB,NIK,1
NFKB,REL,1
NFKB,RELA,1
NFKB,RELB,1
NFKB,TP53,1
NFKB2,NFKBIA,1
NFKB2,NIK,1
NFKB2,REL,1
NFKB2,RELA,1
NFKB2,RELB,1
NFKB2,TP53,1
NFKBIA,NIK,1
NFKBIA,REL,1
NFKBIA,RELA,2
NFKBIA,RELB,1
NFKBIA,TP53,2
NIK,REL,1
NIK,RELA,1
NIK,RELB,1
NIK,TP53,1
REL,RELA,1
REL,RELB,1
REL,TP53,1
RELA,RELB,1
RELA,TP53,1
RELB,TP53,1
AKT3,BRAF,1
AKT3,CCND2,1
AKT3,CDK6,2
AKT3,EGFR,1
BRAF,CCND2,1
CCND2,EGFR,2
CCND1,JAK,1
CCND1,STAT,1
CDK4,JAK,1
CDK4,STAT,1
JAK,MYC,1
JAK,STAT,1
JAK,TP53,1
MYC,STAT,1
STAT,TP53,1
BAP1,MC1R,2
MC1R,MITF,4
CCNB1,CCND2,2
CCNB1,CDC25C,1
CCNB1,CDK1,1
CCNB1,IL2,1
CCNB1,IL2RA,1
CCND2,CDC25C,1
CCND2,CDK1,1
CCND2,IL2,1
CCND2,IL2RA,2
CDC25C,CDK1,1
CDC25C,CDK4,1
CDC25C,CDK6,1
CDC25C,IL2,1
CDC25C,IL2RA,1
CDK1,IL2,1
CDK1,IL2RA,1
CDK4,IL2,1
CDK4,IL2RA,2
CDK6,IL2,1
CDK6,IL2RA,2
IL2,IL2RA,1
CDK6,MTOR,55
ESR1,MTOR,7
ACC,AMPK,1
AMPK,CDK4,2
AMPK,CDK6,1
CDK6,PDGFB,2
CDKN2A,PDGFB,1
CDKN2B,PDGFB,1
PDGFB,RB1,1
CCND3,CDKN2A/B,1
CCND3,KDM6A,1
CCND3,MLL2,1
CCND3,MYC,1
CCND3,PIK3CA,2
CCND3,PTEN,1
CCNE1,CDKN2A/B,1
CCNE1,EGFR,2
CCNE1,KDM6A,1
CCNE1,MLL2,1
CCNE1,MYC,3
CCNE1,PIK3CA,3
CDKN2A/B,EGFR,1
CDKN2A/B,KDM6A,1
CDKN2A/B,MLL2,1
CDKN2A/B,MYC,1
CDKN2A/B,PIK3CA,1
CDKN2A/B,PTEN,1
CDKN2A/B,TP53,1
EGFR,KDM6A,1
EGFR,MLL2,1
EGFR,MYC,2
KDM6A,MLL2,1
KDM6A,MYC,2
KDM6A,PIK3CA,1
KDM6A,PTEN,1
KDM6A,TP53,2
MLL2,MYC,1
MLL2,PIK3CA,1
MLL2,PTEN,1
MLL2,TP53,1
MYC,PIK3CA,2
MYC,PTEN,3
PIK3CA,PTEN,7
PIK3CA,TP53,10
ER,HER2,4
AKT1,AKT3,2
AKT1,PIK3R1,1
AKT3,CCND1,1
AKT3,CDK4,1
AKT3,CDKN2A,1
AKT3,CDKN2B,1
AKT3,PIK3CA,2
AKT3,PIK3R1,1
AKT3,PTEN,2
CCND1,PIK3R1,1
CDK4,PIK3R1,2
CDK6,PIK3CA,64
CDK6,PIK3R1,2
CDKN2A,PIK3R1,2
CDKN2B,PIK3CA,2
CDKN2B,PIK3R1,1
PIK3CA,PIK3R1,2
PIK3R1,PTEN,2
CARF,CDK4,1
CARF,CDK6,1
CARF,CDKN1A,1
CARF,E2F1,1
CARF,MMP2,1
CARF,MMP3,1
CARF,MMP9,1
CARF,RB1,1
CARF,TP53,1
CARF,VEGF,1
CDK4,MMP2,2
CDK4,MMP3,1
CDK4,MMP9,2
CDK6,MMP3,1
CDKN1A,MMP2,1
CDKN1A,MMP3,1
CDKN1A,MMP9,1
CDKN1A,VEGF,1
E2F1,MMP2,1
E2F1,MMP3,1
E2F1,MMP9,1
E2F1,TP53,2
E2F1,VEGF,1
MMP2,MMP3,1
MMP2,RB1,1
MMP2,TP53,1
MMP2,VEGF,1
MMP3,MMP9,1
MMP3,RB1,1
MMP3,TP53,1
MMP3,VEGF,1
MMP9,RB1,1
MMP9,TP53,1
MMP9,VEGF,1
RB1,VEGF,1
TP53,VEGF,1
CDK6,NOTCH1,2
CDK6,TWIST2,1
CDK6,UPK3BL,1
CDKN2A,EZH2,1
CDKN2A,MET,6
CDKN2A,NOTCH1,2
CDKN2A,TWIST2,1
CDKN2A,UPK3BL,1
CDKN2B,EZH2,1
CDKN2B,MET,1
CDKN2B,NOTCH1,2
CDKN2B,TWIST2,1
CDKN2B,UPK3BL,1
EGFR,EZH2,1
EGFR,NOTCH1,1
EGFR,TWIST2,1
EGFR,UPK3BL,1
EZH2,MET,2
EZH2,NOTCH1,1
EZH2,TWIST2,1
EZH2,UPK3BL,1
MET,NOTCH1,1
MET,TWIST2,1
MET,UPK3BL,1
NOTCH1,TWIST2,1
NOTCH1,UPK3BL,1
TWIST2,UPK3BL,1
HMGA2,JUN,1
JUN,MDM2,1
CDK4,MAP2K1,6
CDK6,MAP2K1,6
MAP2K1,PIK3CA,2
CDK4,CDK9,6
CDK4,PIK3R4,1
CDK6,CDK9,6
CDK6,PIK3R4,1
CDK9,PIK3R4,1
CDK4,MPS1,1
CDK6,MPS1,1
MPS1,RB1,1
ERBB2,ESR1,16
CDK4,MIR17HG,1
CDKN2A,MIR17HG,1
CDKN2A,MYCN,1
CDKN2B,MIR17HG,1
CDKN2B,MYCN,1
CDKN2B,NF1,3
MIR17HG,MYCN,1
MIR17HG,NF1,1
MYCN,NF1,1
CDK4,Cyclin D1,2
CDK6,Cyclin D1,2
CDK4,CHEK2,3
CDK4,FAT3,1
CDK4,MDC1,1
CDK4,MXRA5,1
CDK4,PLEC,1
CHEK2,CPM,1
CHEK2,FAT3,1
CHEK2,HMGA2,1
CHEK2,MDC1,1
CHEK2,MDM2,1
CHEK2,MXRA5,1
CHEK2,NF1,1
CHEK2,PLEC,1
CHEK2,TP53,2
CPM,FAT3,1
CPM,MDC1,1
CPM,MXRA5,1
CPM,NF1,1
CPM,PLEC,1
CPM,TP53,1
FAT3,HMGA2,1
FAT3,MDC1,1
FAT3,MDM2,1
FAT3,MXRA5,1
FAT3,NF1,1
FAT3,PLEC,1
FAT3,TP53,1
HMGA2,MDC1,1
HMGA2,MXRA5,1
HMGA2,NF1,1
HMGA2,PLEC,1
MDC1,MDM2,1
MDC1,MXRA5,1
MDC1,NF1,1
MDC1,PLEC,1
MDC1,TP53,1
MDM2,MXRA5,1
MDM2,NF1,6
MDM2,PLEC,1
MXRA5,NF1,1
MXRA5,PLEC,1
MXRA5,TP53,1
NF1,PLEC,1
NF1,TP53,7
PLEC,TP53,1
EGFR,HPV,1
HPV,HRAS,1
HPV,MDM2,1
HRAS,MDM2,1
BCL2,CDK6,7
BCL2,PARP,1
BCL2,PI3K,1
CDK4,PARP,10
CDK6,PARP,10
CDK6,PI3K,13
PARP,PI3K,3
BAP1,TERT,2
MITF,TERT,2
CCND1,MAPK1,3
CCND1,MAPK3,2
CDK4,MAPK1,6
CDK4,MAPK3,3
CDKN2A,MAPK1,2
CDKN2A,MAPK3,1
MAPK1,MAPK3,2
ALK,BRAF,3
ALK,CDK4,10
ALK,CDK6,5
ALK,MAP2K1,1
CDK4,FLT3,6
CDK4,PIM1,1
CDK6,FLT3,6
CDK6,PIM1,1
FLT3,PIM1,1
AKT,CDK6,17
AKT,ERBB2,1
ERBB2,FGFR,2
ERBB2,PIK3CA,10
FGFR,PIK3CA,4
CDK4,HDAC,2
CDK6,HDAC,2
ESR1,HDAC,1
HDAC,MTOR,1
CDK4,GLI1,7
CPM,DDIT3,1
CPM,GLI1,1
CPM,STAT6,1
CPM,YEATS4,1
DDIT3,GLI1,1
DDIT3,STAT6,1
DDIT3,YEATS4,1
GLI1,HMGA2,1
GLI1,MDM2,5
GLI1,STAT6,1
GLI1,YEATS4,1
HMGA2,STAT6,1
HMGA2,YEATS4,2
MDM2,YEATS4,2
STAT6,YEATS4,1
CDK6,IGF1R,3
CCND1,ERK1,2
CCND1,ERK2,2
CCND1,JNK,1
CCND1,MAPK,4
CCNE1,ERK1,1
CCNE1,ERK2,1
CCNE1,JNK,1
CCNE1,MAPK,2
CDK4,ERK1,4
CDK4,ERK2,4
CDK4,JNK,3
CDK4,MAPK,10
CDKN1A,ERK1,1
CDKN1A,ERK2,1
CDKN1A,JNK,1
CDKN1A,MAPK,2
ERK1,ERK2,4
ERK1,JNK,1
ERK1,MAPK,2
ERK1,TP53,1
ERK2,JNK,1
ERK2,MAPK,2
ERK2,TP53,1
JNK,MAPK,1
JNK,TP53,1
MAPK,TP53,1
CTNNB1,RB1,1
CCND1,PDGFB,1
CCNE1,PDGFB,1
CDKN1A,PDGFB,1
CDK6,ERK,2
CDK6,MAPK,11
CDK6,MYCN,1
ERK,MAPK,1
ERK,MYCN,1
MAPK,MYCN,1
CCNE1,ESR1,4
CCNE1,PGR,1
CDK4,PGR,7
CDK6,PGR,7
ESR1,PGR,7
PGR,RB1,1
AR,BRCA1,2
AR,BRCA2,2
AR,CDK4,13
AR,CDK6,13
AR,CHD1,1
BRCA1,CDK6,15
BRCA1,CHD1,1
BRCA2,CDK6,14
BRCA2,CHD1,1
CDK4,CHD1,1
CDK6,CHD1,1
BRCA1,MC1R,2
BRCA1,MGMT,1
BRCA1,MITF,2
BRCA1,POT1,3
BRCA1,RB1,3
BRCA2,MC1R,2
BRCA2,MGMT,1
BRCA2,MITF,2
BRCA2,POT1,3
BRCA2,RB1,2
CDK4,MGMT,2
CDK4,POT1,7
CDKN2A,MGMT,1
CDKN2A,POT1,5
MC1R,MGMT,1
MC1R,POT1,2
MC1R,RB1,2
MGMT,MITF,1
MGMT,POT1,1
MGMT,RB1,1
MITF,POT1,2
MITF,RB1,2
POT1,RB1,2
AR,ERBB2,2
AR,ESR1,4
AR,PGR,1
AR,PI3K,1
BRCA1,ERBB2,5
BRCA1,ESR1,3
BRCA1,PGR,2
BRCA1,PI3K,1
BRCA2,ERBB2,4
BRCA2,ESR1,3
BRCA2,PGR,2
BRCA2,PI3K,1
ERBB2,PGR,5
ERBB2,PI3K,1
ESR1,PI3K,1
PGR,PI3K,1
BRAF,RB,2
CDKN2A,RB,1
NRAS,RB,1
PTEN,RB,1
CCND1,JUNB,1
ALK,CCND1,4
ALK,RB1,1
CCND1,COL11A1,1
CDKN1A,COL11A1,1
CDK,CDKN2A,2
APC,KIT,2
APC,NF1,2
APC,NRAS,2
APC,SNX31,1
BRAF,NF1,8
BRAF,SNX31,1
CDK4,SNX31,1
CDK6,NF1,5
CDK6,SNX31,1
KIT,NF1,4
KIT,SNX31,1
NF1,NRAS,6
NF1,SNX31,1
NRAS,SNX31,1
SNX31,TP53,1
BCL2,CDK5,1
BCL2,IL8,1
BCL2,MCM7,1
BCL2,S100A6,1
CDK4,IL8,1
CDK4,S100A6,1
CDK5,IL8,1
CDK5,MCM7,1
CDK5,S100A6,1
IL8,MCM7,1
IL8,S100A6,1
MCM7,S100A6,1
CCND3,NOTCH1,1
CDK4,NOTCH1,2
ATRX,BRAF,1
ATRX,H3F3A,1
ATRX,HIST1H3B,1
ATRX,IDH1,2
ATRX,p53,1
BRAF,H3F3A,1
BRAF,HIST1H3B,1
BRAF,IDH1,2
BRAF,p53,1
H3F3A,HIST1H3B,1
H3F3A,IDH1,1
H3F3A,p53,1
HIST1H3B,IDH1,1
HIST1H3B,p53,1
IDH1,p53,1
CDK4,CDK7,6
CDK4,JNK1,1
CDK6,CDK7,5
CDK6,JNK1,1
CDK6,MAPK3,2
CDK7,CDKN1A,1
CDK7,CDKN1B,1
CDK7,JNK1,1
CDK7,MAPK3,1
CDKN1A,JNK1,1
CDKN1A,MAPK3,1
CDKN1B,JNK1,1
CDKN1B,MAPK3,1
JNK1,MAPK3,1
BRCA1,TP53,3
BRCA2,PTEN,2
BRCA2,TP53,4
POT1,PTEN,2
POT1,TP53,3
AXL,C/EBP-伪,1
AXL,CDH1,1
AXL,CDK4,2
AXL,CHEK1,1
AXL,CTNNB1,1
AXL,EGFR,1
AXL,EPHA1,1
AXL,EWSR1-DDIT3,1
AXL,FBXW7,1
AXL,FUS-DDIT3,1
AXL,IGF1R,1
AXL,MDM2,1
AXL,MET,1
AXL,PDGFRB,1
AXL,PPAR-纬,1
AXL,PTK7,1
AXL,TOP2A,1
AXL,VEGFR2,1
C/EBP-伪,CDH1,1
C/EBP-伪,CDK4,1
C/EBP-伪,CHEK1,1
C/EBP-伪,CTNNB1,1
C/EBP-伪,EGFR,1
C/EBP-伪,EPHA1,1
C/EBP-伪,EWSR1-DDIT3,1
C/EBP-伪,FBXW7,1
C/EBP-伪,FUS-DDIT3,1
C/EBP-伪,IGF1R,1
C/EBP-伪,MDM2,1
C/EBP-伪,MET,1
C/EBP-伪,PDGFRB,1
C/EBP-伪,PPAR-纬,1
C/EBP-伪,PTK7,1
C/EBP-伪,TOP2A,1
C/EBP-伪,VEGFR2,1
CDH1,CHEK1,1
CDH1,CTNNB1,2
CDH1,EPHA1,1
CDH1,EWSR1-DDIT3,1
CDH1,FBXW7,1
CDH1,FUS-DDIT3,1
CDH1,IGF1R,1
CDH1,MDM2,1
CDH1,PDGFRB,1
CDH1,PPAR-纬,1
CDH1,PTK7,1
CDH1,TOP2A,1
CDH1,VEGFR2,1
CDK4,CHEK1,2
CDK4,EPHA1,1
CDK4,EWSR1-DDIT3,1
CDK4,FUS-DDIT3,1
CDK4,PDGFRB,1
CDK4,PPAR-纬,1
CDK4,PTK7,1
CDK4,VEGFR2,2
CHEK1,CTNNB1,1
CHEK1,EGFR,1
CHEK1,EPHA1,1
CHEK1,EWSR1-DDIT3,1
CHEK1,FBXW7,1
CHEK1,FUS-DDIT3,1
CHEK1,IGF1R,1
CHEK1,MDM2,1
CHEK1,MET,1
CHEK1,PDGFRB,1
CHEK1,PPAR-纬,1
CHEK1,PTK7,1
CHEK1,TOP2A,1
CHEK1,VEGFR2,1
CTNNB1,EPHA1,1
CTNNB1,EWSR1-DDIT3,1
CTNNB1,FUS-DDIT3,1
CTNNB1,IGF1R,1
CTNNB1,MET,2
CTNNB1,PDGFRB,1
CTNNB1,PPAR-纬,1
CTNNB1,PTK7,1
CTNNB1,TOP2A,1
CTNNB1,VEGFR2,1
EGFR,EPHA1,1
EGFR,EWSR1-DDIT3,1
EGFR,FUS-DDIT3,1
EGFR,IGF1R,2
EGFR,PDGFRB,1
EGFR,PPAR-纬,1
EGFR,PTK7,1
EGFR,TOP2A,1
EGFR,VEGFR2,2
EPHA1,EWSR1-DDIT3,1
EPHA1,FBXW7,1
EPHA1,FUS-DDIT3,1
EPHA1,IGF1R,1
EPHA1,MDM2,1
EPHA1,MET,1
EPHA1,PDGFRB,1
EPHA1,PPAR-纬,1
EPHA1,PTK7,1
EPHA1,TOP2A,1
EPHA1,VEGFR2,1
EWSR1-DDIT3,FBXW7,1
EWSR1-DDIT3,FUS-DDIT3,1
EWSR1-DDIT3,IGF1R,1
EWSR1-DDIT3,MDM2,1
EWSR1-DDIT3,MET,1
EWSR1-DDIT3,PDGFRB,1
EWSR1-DDIT3,PPAR-纬,1
EWSR1-DDIT3,PTK7,1
EWSR1-DDIT3,TOP2A,1
EWSR1-DDIT3,VEGFR2,1
FBXW7,FUS-DDIT3,1
FBXW7,IGF1R,1
FBXW7,MDM2,1
FBXW7,MET,1
FBXW7,PDGFRB,1
FBXW7,PPAR-纬,1
FBXW7,PTK7,1
FBXW7,TOP2A,1
FBXW7,VEGFR2,1
FUS-DDIT3,IGF1R,1
FUS-DDIT3,MDM2,1
FUS-DDIT3,MET,1
FUS-DDIT3,PDGFRB,1
FUS-DDIT3,PPAR-纬,1
FUS-DDIT3,PTK7,1
FUS-DDIT3,TOP2A,1
FUS-DDIT3,VEGFR2,1
IGF1R,MET,1
IGF1R,PDGFRB,1
IGF1R,PPAR-纬,1
IGF1R,PTK7,1
IGF1R,VEGFR2,1
MDM2,PDGFRB,1
MDM2,PPAR-纬,1
MDM2,PTK7,1
MDM2,VEGFR2,1
MET,PDGFRB,1
MET,PPAR-纬,1
MET,PTK7,1
MET,TOP2A,1
MET,VEGFR2,1
PDGFRB,PPAR-纬,1
PDGFRB,PTK7,1
PDGFRB,TOP2A,1
PDGFRB,VEGFR2,1
PPAR-纬,PTK7,1
PPAR-纬,TOP2A,1
PPAR-纬,VEGFR2,1
PTK7,TOP2A,1
PTK7,VEGFR2,1
TOP2A,VEGFR2,1
CDK4,PRKAA1,1
CDK6,PRKAA1,1
CDK4,HER2,26
CDK6,HER2,25
CCND2,ESR1,2
CCND3,ESR1,2
CDKN2A,ESR1,4
ACD,CDK4,2
ACD,POT1,2
ACD,TERF2IP,2
ACD,TERT,2
CDK4,TERF2IP,2
POT1,TERF2IP,2
POT1,TERT,3
TERF2IP,TERT,2
BRAF,MEK,6
BRAF,PD-1,1
BRAF,PD-L1,1
CDK4,MEK,7
CDK4,PD-1,1
CDK4,PD-L1,2
CDK6,MEK,8
CDK6,PD-1,1
CDK6,PD-L1,3
MAPK,MEK,1
MAPK,NRAS,3
MAPK,PD-1,1
MAPK,PD-L1,1
MEK,NRAS,3
MEK,PD-1,1
MEK,PD-L1,2
NRAS,PD-1,1
NRAS,PD-L1,1
PD-1,PD-L1,1
MTOR,RAS,1
MTOR,RB1,10
AKT,AP-1,1
AKT,CCND2,2
AKT,CCNE1,1
AKT,CD30,1
AKT,Caspase,1
AKT,IL2RA,1
AKT,NF-κB,1
AKT,XIAP,1
AP-1,CCND1,1
AP-1,CCND2,1
AP-1,CCNE1,1
AP-1,CD30,1
AP-1,CDK4,1
AP-1,CDK6,1
AP-1,Caspase,1
AP-1,IL2RA,1
AP-1,NF-κB,1
AP-1,XIAP,1
CCND1,CD30,1
CCND1,Caspase,1
CCND1,IL2RA,1
CCND1,NF-κB,1
CCND1,XIAP,1
CCND2,CCNE1,3
CCND2,CD30,1
CCND2,Caspase,1
CCND2,NF-κB,1
CCND2,XIAP,1
CCNE1,CD30,1
CCNE1,Caspase,1
CCNE1,IL2RA,1
CCNE1,NF-κB,1
CD30,CDK4,1
CD30,CDK6,1
CD30,Caspase,1
CD30,IL2RA,1
CD30,NF-κB,1
CD30,XIAP,1
CDK4,Caspase,1
CDK4,NF-κB,1
CDK6,Caspase,1
CDK6,NF-κB,1
CDK6,XIAP,1
Caspase,IL2RA,1
Caspase,NF-κB,1
Caspase,XIAP,1
IL2RA,NF-κB,1
IL2RA,XIAP,1
NF-κB,XIAP,1
CDK4,DNM3,1
ERBB2,MTOR,2
AKT1,CDKN1A,3
AKT1,MYC,1
CDKN2B,MYC,2
AKT,ETV1,1
AKT,IL1B,1
AKT,IL6,1
AKT,NFKB,1
AKT,VEGF,1
CDK4,ETV1,1
CDK4,IL1B,1
CDK4,IL6,1
CDK6,ETV1,1
CDK6,IL1B,1
CDK6,IL6,1
ETV1,IL1B,1
ETV1,IL6,1
ETV1,NFKB,1
ETV1,VEGF,1
IL1B,IL6,1
IL1B,NFKB,1
IL1B,VEGF,1
IL6,NFKB,1
IL6,VEGF,1
NFKB,VEGF,1
CDK4,FOXO3,2
CDK6,FOXO3,1
CCND1,FGFR1,2
ESR1,FGFR1,2
CCND1,CD274,2
CCND1,CMYC,1
CCND1,PD-L1,1
CD274,CDK6,13
CD274,CMYC,1
CD274,FGFR1,2
CD274,PD-L1,1
CD274,PIK3CA,3
CDK6,CMYC,2
CDK6,FGFR1,9
CMYC,FGFR1,1
CMYC,PD-L1,1
CMYC,PIK3CA,1
FGFR1,PD-L1,1
FGFR1,PIK3CA,4
PD-L1,PIK3CA,1
BRAF,KIAA1549,1
CDK4,KIAA1549,1
KIAA1549,NF1,1
AKT1,BRAF,1
AKT1,NRAS,1
BRAF,RAS,2
NRAS,PIK3CA,4
NRAS,RAS,2
CDK4,SMAD3,2
JNK,MYC,1
JNK,SMAD3,1
MYC,SMAD3,1
BCL2,NFKBIA,1
BCL2,RB,1
BCL2,RELA,1
CCND1,NFKBIA,1
CCND1,RELA,1
CDKN1A,RB,1
NFKBIA,RB,1
RB,RELA,1
CDK4,HIF1A,3
CDK4,NTRK1,1
HIF1A,NTRK1,1
HIF1A,VEGFR2,1
NTRK1,VEGFR2,1
AKT,AKT1,1
AKT,EIF4E,1
AKT,MTOR,5
AKT1,EIF4E,1
AKT1,MTOR,10
AKT1,PI3K,1
CCND1,EIF4E,1
CCND1,PI3K,1
CDK4,EIF4E,3
EIF4E,MTOR,1
EIF4E,PI3K,1
EIF4E,PIK3CA,1
MTOR,PI3K,7
PI3K,PIK3CA,2
CDK4,CDKs,2
CDK6,CDKs,2
CCND1,NFKB1,1
CDK4,NFKB1,4
CDKN2C,MTOR,1
CDKN2C,PIK3CA,1
AKT1,ERK1,1
AKT1,ERK2,1
AKT1,NFKB1,1
CDK6,ERK1,3
CDK6,ERK2,3
CDK6,MAPK14,1
CDK6,NFKB1,2
ERK1,MAPK14,1
ERK1,NFKB1,1
ERK1,RB1,2
ERK2,MAPK14,1
ERK2,NFKB1,1
ERK2,RB1,2
MAPK14,NFKB1,1
MAPK14,RB1,2
NFKB1,RB1,1
CCND1,POU5F1,1
CCND1,SOX2,1
CCNE1,POU5F1,1
CCNE1,SOX2,1
CDK4,POU5F1,1
CDK4,SOX2,3
POU5F1,SOX2,1
CDK6,p53,1
MTOR,p53,1
RB1,p53,1
CD274,CDK4,14
CD274,PDCD1,6
CD274,SPOP,1
CDK4,PDCD1,7
CDK4,SPOP,1
CDK6,PDCD1,6
CDK6,SPOP,1
PDCD1,SPOP,1
CDK4,FGF19,4
CDK4,FGFR1,12
CDK4,FGFR2,5
CDK4,FGFR3,3
CDK4,FGFR4,2
CDK6,FGF19,1
CDK6,FGFR2,6
CDK6,FGFR3,2
CDK6,FGFR4,1
FGF19,FGFR1,1
FGF19,FGFR2,1
FGF19,FGFR3,1
FGF19,FGFR4,1
FGFR1,FGFR2,3
FGFR1,FGFR3,3
FGFR1,FGFR4,1
FGFR2,FGFR3,3
FGFR2,FGFR4,1
FGFR3,FGFR4,1
AR,RB,1
AR,RB1,2
RB,RB1,2
CDK4,ERG,2
CDK6,ERG,2
CDK6,FUS,1
CDKN2A,ERG,1
CDKN2A,FUS,1
ERG,FUS,1
AR,CCND1,2
AR,SMAD3,1
CCND1,SMAD3,1
CDK6,SMAD3,1
CDK6,PARP1,6
BAX,BRCA1,1
BAX,CASP7,1
BAX,ERBB2,1
BAX,MEF2C,1
BAX,MMP10,1
BAX,RB1,1
BAX,SOX2,1
BAX,YY1,1
BRCA1,CASP3,1
BRCA1,CASP7,1
BRCA1,MAPK14,1
BRCA1,MEF2C,1
BRCA1,MMP10,1
BRCA1,SOX2,1
BRCA1,YY1,1
CASP3,CASP7,2
CASP3,ERBB2,1
CASP3,MEF2C,1
CASP3,MMP10,1
CASP3,RB1,2
CASP3,SOX2,1
CASP3,YY1,1
CASP7,ERBB2,1
CASP7,MAPK14,1
CASP7,MEF2C,1
CASP7,MMP10,1
CASP7,RB1,2
CASP7,SOX2,1
CASP7,YY1,1
ERBB2,MAPK14,1
ERBB2,MEF2C,1
ERBB2,MMP10,1
ERBB2,RB1,3
ERBB2,SOX2,1
ERBB2,YY1,1
MAPK14,MEF2C,1
MAPK14,MMP10,1
MAPK14,SOX2,1
MAPK14,YY1,1
MEF2C,MMP10,1
MEF2C,RB1,1
MEF2C,SOX2,1
MEF2C,YY1,1
MMP10,RB1,1
MMP10,SOX2,1
MMP10,YY1,1
RB1,SOX2,1
RB1,YY1,1
SOX2,YY1,1
CD34,MDM2,2
CD34,desmin,1
CD34,p16,1
CD34,pRb,1
MDM2,desmin,1
MDM2,p16,1
MDM2,pRb,1
desmin,p16,1
desmin,pRb,1
p16,pRb,1
CCND1,Cyclin D1,1
CCND1,NANOG,1
CCND1,SCP3,1
CDK4,NANOG,1
CDK4,SCP3,1
CDK6,NANOG,1
CDK6,SCP3,1
Cyclin D1,NANOG,1
Cyclin D1,SCP3,1
NANOG,SCP3,1
CCND1,E2F,4
E2F,E2F1,2
E2F,ESR1,1
E2F,MTOR,2
E2F1,ESR1,1
E2F1,MTOR,1
ARID1A,BRAF,1
ARID1A,CCNE1,1
ARID1A,CDK4,3
ARID1A,CDK6,2
ARID1A,CDKN2A,2
ARID1A,CTNNB1,2
ARID1A,EGFR,1
ARID1A,ERBB2,1
ARID1A,FGFR1,1
ARID1A,MET,1
ARID1A,MYC,1
ARID1A,PIK3CA,1
ARID1A,PTEN,3
ARID1A,RAF1,1
ARID1A,TP53,3
BRAF,ERBB2,2
BRAF,FGFR1,1
BRAF,MET,4
BRAF,MYC,2
CCNE1,ERBB2,1
CCNE1,FGFR1,1
CCNE1,MET,1
CCNE1,RAF1,1
CDKN2A,ERBB2,3
CDKN2A,FGFR1,2
CTNNB1,ERBB2,1
CTNNB1,FGFR1,1
CTNNB1,MYC,2
CTNNB1,RAF1,1
EGFR,FGFR1,5
EGFR,RAF1,1
ERBB2,FGFR1,2
ERBB2,MET,2
ERBB2,PTEN,2
ERBB2,RAF1,1
FGFR1,MET,3
FGFR1,MYC,2
FGFR1,PTEN,3
FGFR1,RAF1,1
FGFR1,TP53,3
MET,MYC,1
MET,PIK3CA,5
MET,PTEN,1
MET,RAF1,1
RAF1,TP53,1
CDKN2A,EED,1
CDKN2A,SUZ12,1
EED,NF1,1
EED,SUZ12,1
NF1,SUZ12,1
ESR1,PIK3CA,13
E2F4,ESR1,1
BRAF,MTOR,2
BRAF,RPS6,1
BRAF,rpS6,1
CCND1,MEK,1
CCND1,RPS6,2
CCND1,rpS6,1
CDK6,RPS6,3
CDK6,rpS6,1
MEK,MTOR,1
MEK,RB,1
MEK,RPS6,1
MEK,rpS6,1
MTOR,RB,1
MTOR,RPS6,1
MTOR,rpS6,1
RB,RPS6,1
RB,rpS6,1
RPS6,rpS6,1
CDK4,CETN2,1
CDK4,ERCC1,1
CDK4,NEIL2,1
CDK6,CETN2,1
CDK6,ERCC1,1
CDK6,NEIL2,1
CETN2,ERCC1,1
CETN2,NEIL2,1
ERCC1,NEIL2,1
ARID1A,ATM,1
ARID1A,ATRX,1
ARID1A,CDKN2B,1
ARID1A,ERBB4,1
ARID1A,GLI1,1
ARID1A,KMT2D,1
ARID1A,MAP2K4,1
ARID1A,MDM2,1
ARID1A,NF1,1
ARID1A,NOTCH1,1
ARID1A,PI3KCA,1
ARID1A,RB1,1
ARID1A,TERT,1
ARID1A,TNFAIP3,1
ARID1A,TSC2,1
ATM,ATRX,1
ATM,CDK4,10
ATM,CDKN2A,5
ATM,CDKN2B,2
ATM,ERBB4,1
ATM,GLI1,1
ATM,KMT2D,1
ATM,MAP2K4,1
ATM,MDM2,1
ATM,NF1,1
ATM,NOTCH1,1
ATM,PI3KCA,1
ATM,PTEN,2
ATM,RB1,1
ATM,TERT,1
ATM,TNFAIP3,1
ATM,TP53,4
ATM,TSC2,1
ATRX,CDK4,5
ATRX,CDKN2A,4
ATRX,CDKN2B,2
ATRX,ERBB4,1
ATRX,GLI1,1
ATRX,KMT2D,1
ATRX,MAP2K4,1
ATRX,MDM2,4
ATRX,NF1,1
ATRX,NOTCH1,1
ATRX,PI3KCA,1
ATRX,PTEN,1
ATRX,RB1,3
ATRX,TERT,1
ATRX,TNFAIP3,1
ATRX,TP53,3
ATRX,TSC2,1
CDK4,KMT2D,1
CDK4,MAP2K4,1
CDK4,PI3KCA,3
CDK4,TNFAIP3,1
CDK4,TSC2,2
CDKN2A,ERBB4,2
CDKN2A,GLI1,2
CDKN2A,KMT2D,1
CDKN2A,MAP2K4,1
CDKN2A,PI3KCA,1
CDKN2A,TNFAIP3,1
CDKN2A,TSC2,2
CDKN2B,ERBB4,1
CDKN2B,GLI1,2
CDKN2B,KMT2D,1
CDKN2B,MAP2K4,1
CDKN2B,PI3KCA,1
CDKN2B,TERT,4
CDKN2B,TNFAIP3,1
CDKN2B,TSC2,1
ERBB4,GLI1,1
ERBB4,KMT2D,1
ERBB4,MAP2K4,1
ERBB4,MDM2,1
ERBB4,NF1,1
ERBB4,NOTCH1,1
ERBB4,PI3KCA,1
ERBB4,PTEN,1
ERBB4,RB1,1
ERBB4,TERT,1
ERBB4,TNFAIP3,1
ERBB4,TP53,1
ERBB4,TSC2,1
GLI1,KMT2D,1
GLI1,MAP2K4,1
GLI1,NF1,1
GLI1,NOTCH1,1
GLI1,PI3KCA,1
GLI1,PTEN,1
GLI1,RB1,1
GLI1,TERT,2
GLI1,TNFAIP3,1
GLI1,TP53,3
GLI1,TSC2,1
KMT2D,MAP2K4,1
KMT2D,MDM2,1
KMT2D,NF1,1
KMT2D,NOTCH1,1
KMT2D,PI3KCA,1
KMT2D,PTEN,1
KMT2D,RB1,1
KMT2D,TERT,1
KMT2D,TNFAIP3,1
KMT2D,TP53,1
KMT2D,TSC2,1
MAP2K4,MDM2,1
MAP2K4,NF1,1
MAP2K4,NOTCH1,1
MAP2K4,PI3KCA,1
MAP2K4,PTEN,1
MAP2K4,RB1,1
MAP2K4,TERT,1
MAP2K4,TNFAIP3,1
MAP2K4,TP53,1
MAP2K4,TSC2,1
MDM2,NOTCH1,1
MDM2,PI3KCA,1
MDM2,TERT,5
MDM2,TNFAIP3,1
MDM2,TSC2,1
NF1,NOTCH1,1
NF1,PI3KCA,1
NF1,PTEN,5
NF1,RB1,2
NF1,TERT,4
NF1,TNFAIP3,1
NF1,TSC2,2
NOTCH1,PI3KCA,1
NOTCH1,PTEN,1
NOTCH1,RB1,1
NOTCH1,TERT,1
NOTCH1,TNFAIP3,1
NOTCH1,TP53,1
NOTCH1,TSC2,1
PI3KCA,PTEN,1
PI3KCA,RB1,1
PI3KCA,TERT,1
PI3KCA,TNFAIP3,1
PI3KCA,TP53,1
PI3KCA,TSC2,1
PTEN,TNFAIP3,1
PTEN,TSC2,1
RB1,TNFAIP3,1
RB1,TSC2,2
TERT,TNFAIP3,1
TERT,TP53,6
TERT,TSC2,1
TNFAIP3,TP53,1
TNFAIP3,TSC2,1
TP53,TSC2,1
ERG,PTEN,1
ERG,TP53,1
AXIN2,BHD,1
AXIN2,CDK4,1
AXIN2,CDKN2A,1
AXIN2,CYLD,1
AXIN2,EXT1,1
AXIN2,EXT2,1
AXIN2,FH,1
AXIN2,GPC3,1
AXIN2,HRPT2,1
AXIN2,MEN1,1
AXIN2,NF1,1
AXIN2,NF2,1
AXIN2,PTCH,1
AXIN2,RB1,1
AXIN2,SDHB,1
AXIN2,SDHC,1
AXIN2,SDHD,1
AXIN2,STK11,1
AXIN2,SUFU,1
AXIN2,TSC1,1
AXIN2,TSC2,1
AXIN2,VHL,1
AXIN2,WT1,1
BHD,CDK4,1
BHD,CDKN2A,1
BHD,CYLD,1
BHD,EXT1,1
BHD,EXT2,1
BHD,FH,1
BHD,GPC3,1
BHD,HRPT2,1
BHD,MEN1,1
BHD,NF1,1
BHD,NF2,1
BHD,PTCH,1
BHD,RB1,1
BHD,SDHB,1
BHD,SDHC,1
BHD,SDHD,1
BHD,STK11,1
BHD,SUFU,1
BHD,TSC1,1
BHD,TSC2,1
BHD,VHL,1
BHD,WT1,1
CDK4,CYLD,1
CDK4,EXT1,1
CDK4,EXT2,1
CDK4,FH,1
CDK4,GPC3,2
CDK4,HRPT2,1
CDK4,PTCH,1
CDK4,SDHB,2
CDK4,SDHC,2
CDK4,SDHD,1
CDK4,SUFU,1
CDK4,TSC1,2
CDK4,WT1,1
CDKN2A,CYLD,1
CDKN2A,EXT1,1
CDKN2A,EXT2,1
CDKN2A,FH,1
CDKN2A,GPC3,1
CDKN2A,HRPT2,1
CDKN2A,MEN1,1
CDKN2A,PTCH,1
CDKN2A,SDHB,1
CDKN2A,SDHC,1
CDKN2A,SDHD,1
CDKN2A,SUFU,1
CDKN2A,TSC1,2
CDKN2A,VHL,1
CDKN2A,WT1,1
CYLD,EXT1,1
CYLD,EXT2,1
CYLD,FH,1
CYLD,GPC3,1
CYLD,HRPT2,1
CYLD,MEN1,1
CYLD,NF1,1
CYLD,NF2,1
CYLD,PTCH,1
CYLD,RB1,1
CYLD,SDHB,1
CYLD,SDHC,1
CYLD,SDHD,1
CYLD,STK11,1
CYLD,SUFU,1
CYLD,TSC1,1
CYLD,TSC2,1
CYLD,VHL,1
CYLD,WT1,1
EXT1,EXT2,1
EXT1,FH,1
EXT1,GPC3,1
EXT1,HRPT2,1
EXT1,MEN1,1
EXT1,NF1,1
EXT1,NF2,1
EXT1,PTCH,1
EXT1,RB1,1
EXT1,SDHB,1
EXT1,SDHC,1
EXT1,SDHD,1
EXT1,STK11,1
EXT1,SUFU,1
EXT1,TSC1,1
EXT1,TSC2,1
EXT1,VHL,1
EXT1,WT1,1
EXT2,FH,1
EXT2,GPC3,1
EXT2,HRPT2,1
EXT2,MEN1,1
EXT2,NF1,1
EXT2,NF2,1
EXT2,PTCH,1
EXT2,RB1,1
EXT2,SDHB,1
EXT2,SDHC,1
EXT2,SDHD,1
EXT2,STK11,1
EXT2,SUFU,1
EXT2,TSC1,1
EXT2,TSC2,1
EXT2,VHL,1
EXT2,WT1,1
FH,GPC3,1
FH,HRPT2,1
FH,MEN1,1
FH,NF1,1
FH,NF2,1
FH,PTCH,1
FH,RB1,1
FH,SDHB,1
FH,SDHC,1
FH,SDHD,1
FH,STK11,1
FH,SUFU,1
FH,TSC1,1
FH,TSC2,1
FH,VHL,1
FH,WT1,1
GPC3,HRPT2,1
GPC3,MEN1,1
GPC3,NF1,1
GPC3,NF2,1
GPC3,PTCH,1
GPC3,RB1,1
GPC3,SDHB,1
GPC3,SDHC,1
GPC3,SDHD,1
GPC3,STK11,1
GPC3,SUFU,1
GPC3,TSC1,1
GPC3,TSC2,1
GPC3,VHL,1
GPC3,WT1,1
HRPT2,MEN1,1
HRPT2,NF1,1
HRPT2,NF2,1
HRPT2,PTCH,1
HRPT2,RB1,1
HRPT2,SDHB,1
HRPT2,SDHC,1
HRPT2,SDHD,1
HRPT2,STK11,1
HRPT2,SUFU,1
HRPT2,TSC1,1
HRPT2,TSC2,1
HRPT2,VHL,1
HRPT2,WT1,1
MEN1,NF1,1
MEN1,NF2,1
MEN1,PTCH,1
MEN1,RB1,1
MEN1,SDHB,1
MEN1,SDHC,1
MEN1,SDHD,1
MEN1,STK11,1
MEN1,SUFU,1
MEN1,TSC1,1
MEN1,TSC2,1
MEN1,VHL,1
MEN1,WT1,1
NF1,NF2,2
NF1,PTCH,1
NF1,SDHB,2
NF1,SDHC,1
NF1,SDHD,1
NF1,STK11,1
NF1,SUFU,1
NF1,TSC1,1
NF1,VHL,1
NF1,WT1,1
NF2,PTCH,1
NF2,RB1,1
NF2,SDHB,2
NF2,SDHC,1
NF2,SDHD,1
NF2,STK11,1
NF2,SUFU,1
NF2,TSC1,1
NF2,TSC2,1
NF2,VHL,1
NF2,WT1,1
PTCH,RB1,1
PTCH,SDHB,1
PTCH,SDHC,1
PTCH,SDHD,1
PTCH,STK11,1
PTCH,SUFU,1
PTCH,TSC1,1
PTCH,TSC2,1
PTCH,VHL,1
PTCH,WT1,1
RB1,SDHB,1
RB1,SDHC,1
RB1,SDHD,1
RB1,STK11,2
RB1,SUFU,1
RB1,TSC1,2
RB1,VHL,1
RB1,WT1,1
SDHB,SDHC,1
SDHB,SDHD,1
SDHB,STK11,1
SDHB,SUFU,1
SDHB,TSC1,1
SDHB,TSC2,1
SDHB,VHL,1
SDHB,WT1,1
SDHC,SDHD,1
SDHC,STK11,1
SDHC,SUFU,1
SDHC,TSC1,1
SDHC,TSC2,1
SDHC,VHL,1
SDHC,WT1,1
SDHD,STK11,1
SDHD,SUFU,1
SDHD,TSC1,1
SDHD,TSC2,1
SDHD,VHL,1
SDHD,WT1,1
STK11,SUFU,1
STK11,TSC1,1
STK11,TSC2,1
STK11,VHL,1
STK11,WT1,1
SUFU,TSC1,1
SUFU,TSC2,1
SUFU,VHL,1
SUFU,WT1,1
TSC1,TSC2,1
TSC1,VHL,1
TSC1,WT1,1
TSC2,VHL,1
TSC2,WT1,1
VHL,WT1,1
CDK6,IGF1,1
EGFR,IGF1,1
EGFR,PARP,2
FGFR1,IGF1,1
FGFR1,PARP,1
FGFR1,VEGF,1
IGF1,MET,1
IGF1,PARP,1
IGF1,PIK3CA,1
IGF1,VEGF,1
MET,PARP,1
MET,VEGF,1
PARP,PIK3CA,1
PARP,VEGF,2
PIK3CA,VEGF,1
AKT1,CDK2,1
AKT1,CyclinD1,1
AKT1,HER2,2
AKT1,Ki67,1
AKT1,RB,1
AKT1,p16,1
AKT1,pAKT,1
AKT1,pER,1
AKT1,pRB,1
CCND1,CyclinD1,1
CCND1,HER2,2
CCND1,Ki67,1
CCND1,p16,2
CCND1,pAKT,1
CCND1,pER,1
CCND1,pRB,1
CDK2,CyclinD1,1
CDK2,HER2,1
CDK2,Ki67,1
CDK2,PIK3CA,1
CDK2,RB,1
CDK2,p16,1
CDK2,pAKT,1
CDK2,pER,1
CDK2,pRB,1
CDK4,CyclinD1,1
CDK4,Ki67,1
CDK4,pAKT,1
CDK4,pER,1
CyclinD1,HER2,1
CyclinD1,Ki67,1
CyclinD1,PIK3CA,1
CyclinD1,RB,1
CyclinD1,p16,1
CyclinD1,pAKT,1
CyclinD1,pER,1
CyclinD1,pRB,1
HER2,Ki67,1
HER2,PIK3CA,6
HER2,RB,1
HER2,p16,1
HER2,pAKT,1
HER2,pER,1
HER2,pRB,1
Ki67,PIK3CA,1
Ki67,RB,1
Ki67,p16,1
Ki67,pAKT,1
Ki67,pER,1
Ki67,pRB,1
PIK3CA,RB,1
PIK3CA,p16,1
PIK3CA,pAKT,1
PIK3CA,pER,1
PIK3CA,pRB,1
RB,p16,1
RB,pAKT,1
RB,pER,1
RB,pRB,1
p16,pAKT,1
p16,pER,1
pAKT,pER,1
pAKT,pRB,1
pER,pRB,1
CDK6,Mdm4,1
CDK6,Ppm1d,1
CDK6,Prmt5,1
Mdm4,Ppm1d,1
Mdm4,Prmt5,1
Mdm4,RB,1
Mdm4,TP53,1
Ppm1d,Prmt5,1
Ppm1d,RB,1
Ppm1d,TP53,1
Prmt5,RB,1
Prmt5,TP53,1
RB,TP53,1
ATM,BRCA1,2
ATM,BRCA2,2
ATM,CCND1,4
ATM,CCND2,1
ATM,CCND3,1
ATM,CDK6,4
BRCA1,CCND1,1
BRCA1,CCND2,1
BRCA1,CCND3,1
BRCA2,CCND1,1
BRCA2,CCND2,1
BRCA2,CCND3,1
ALL,CDK4,1
ALL,CDK6,1
CDK12,CDK4,2
CDK12,ERBB2,1
CDK12,PTEN,1
CDK12,RB1,1
CDK12,STK11,1
CDK12,TERT,1
CDK12,TP53,1
ERBB2,STK11,1
ERBB2,TERT,1
PTEN,STK11,2
STK11,TERT,1
CDK4,CTNNB,1
CTNNB,RB1,1
CDK4,CDKN2BAS,1
CDKN2A,CDKN2BAS,1
CDKN2B,CDKN2BAS,1
ALK,CCNE,1
ALK,EML4,1
ALK,MYC,1
CCND1,EML4,1
CCNE,CDK6,2
CCNE,EML4,1
CDK4,EML4,1
CDK6,EML4,1
EML4,MYC,1
ATM,CHEK2,2
ATM,EGFR,2
ATM,FGFR,1
CDK6,CHEK2,1
CHEK2,EGFR,1
CHEK2,FGFR,1
CHEK2,IGF1R,1
EGFR,FGFR,2
FGFR,IGF1R,1
CCND1,CCNG2,1
CCND1,SMAD2,1
CCNG2,CDK4,1
CCNG2,CDK6,1
CCNG2,SMAD2,1
CDK4,SMAD2,2
CDK6,SMAD2,2
CCND1,GRB7,1
CDK4,GRB7,1
CDK6,GRB7,1
CDKN1B,ERBB2,1
CDKN1B,ESR1,1
CDKN1B,GRB7,1
CDKN2A,GRB7,1
CDKN2B,ESR1,2
CDKN2B,GRB7,1
ERBB2,GRB7,1
ESR1,GRB7,1
CDK6,VEGFA,1
CDK4,INI1,1
CDK4,RCC,1
CDK6,INI1,1
CDK6,RCC,1
EZH2,INI1,1
EZH2,MTOR,2
EZH2,RCC,1
INI1,MET,1
INI1,MTOR,1
INI1,RCC,1
MET,RCC,1
MTOR,RCC,1
ALK,CDKN2A,2
ALK,EGFR,1
ALK,ERBB2,2
ALK,ERBB4,1
ALK,ETV4,1
ALK,ETV5,1
ALK,FBXW7,1
ALK,JAK3,1
ALK,SMAD4,1
BRAF,ETV4,1
BRAF,ETV5,1
BRAF,JAK3,1
BRAF,SMAD4,1
CDK4,ETV4,2
CDK4,ETV5,1
CDK4,JAK3,1
CDK4,SMAD4,2
CDK6,ERBB4,2
CDK6,ETV4,1
CDK6,ETV5,1
CDK6,FBXW7,1
CDK6,JAK3,2
CDK6,SMAD4,1
CDKN2A,ETV4,1
CDKN2A,ETV5,1
CDKN2A,FBXW7,1
CDKN2A,JAK3,1
CDKN2A,SMAD4,2
EGFR,ERBB4,1
EGFR,ETV4,1
EGFR,ETV5,1
EGFR,JAK3,2
EGFR,SMAD4,1
ERBB2,ERBB4,1
ERBB2,ETV4,1
ERBB2,ETV5,1
ERBB2,FBXW7,1
ERBB2,JAK3,1
ERBB2,SMAD4,1
ERBB4,ETV4,1
ERBB4,ETV5,1
ERBB4,FBXW7,1
ERBB4,JAK3,1
ERBB4,SMAD4,1
ETV4,ETV5,1
ETV4,FBXW7,1
ETV4,JAK3,1
ETV4,SMAD4,1
ETV5,FBXW7,1
ETV5,JAK3,1
ETV5,SMAD4,1
FBXW7,JAK3,1
FBXW7,SMAD4,1
JAK3,SMAD4,1
CDK4,FAT1,1
CDK6,FAT1,1
FAT1,RB1,1
ERBB2,KIT,1
BRAF,CBL,1
BRAF,PI3K,1
BRAF,PIK3R1,1
CBL,CDK4,1
CBL,CDK6,1
CBL,CDKN2A,1
CBL,KRAS,1
CBL,MAP2K1,1
CBL,MAPK,1
CBL,MTOR,1
CBL,NF1,1
CBL,NRAS,1
CBL,PI3K,1
CBL,PIK3CA,1
CBL,PIK3R1,1
CBL,PTEN,1
CBL,PTPN11,1
CDK4,PTPN11,2
CDK6,PTPN11,2
CDKN2A,PI3K,1
KRAS,MAPK,2
KRAS,MTOR,1
KRAS,NF1,1
KRAS,NRAS,3
KRAS,PI3K,1
KRAS,PIK3R1,1
MAP2K1,MAPK,1
MAP2K1,MTOR,1
MAP2K1,NF1,1
MAP2K1,NRAS,3
MAP2K1,PI3K,1
MAP2K1,PIK3R1,1
MAPK,MTOR,3
MAPK,NF1,1
MAPK,PI3K,1
MAPK,PIK3CA,2
MAPK,PIK3R1,1
MAPK,PTEN,1
MAPK,PTPN11,2
MTOR,NRAS,1
MTOR,PIK3R1,1
MTOR,PTEN,3
MTOR,PTPN11,1
NF1,PI3K,1
NF1,PIK3R1,1
NF1,PTPN11,1
NRAS,PI3K,1
NRAS,PIK3R1,1
NRAS,PTPN11,1
PI3K,PIK3R1,1
PI3K,PTEN,2
PI3K,PTPN11,1
PIK3CA,PTPN11,1
PIK3R1,PTPN11,1
ALK,CDKN2A (p16),1
ALK,EP300,1
ALK,GAB2,1
ALK,KIT,1
ALK,MDM2,1
ALK,NF1,1
ALK,NRAS,1
ALK,NTRK3,1
ALK,PAK1,1
ALK,PRKCA,1
ALK,SPRED1,1
ALK,TERT,1
ALK,YAP1,1
BRAF,CDKN2A (p16),1
BRAF,EP300,1
BRAF,GAB2,2
BRAF,NTRK3,1
BRAF,PAK1,2
BRAF,PRKCA,1
BRAF,SPRED1,1
BRAF,TERT,4
BRAF,YAP1,1
CCND1,EP300,1
CCND1,GAB2,2
CCND1,KIT,4
CCND1,NTRK3,1
CCND1,PAK1,2
CCND1,PRKCA,1
CCND1,SPRED1,1
CCND1,YAP1,1
CDK4,EP300,2
CDK4,GAB2,2
CDK4,NTRK3,2
CDK4,PAK1,3
CDK4,SPRED1,1
CDK4,YAP1,1
CDKN2A (p16),EP300,1
CDKN2A (p16),GAB2,1
CDKN2A (p16),KIT,1
CDKN2A (p16),MDM2,1
CDKN2A (p16),NF1,1
CDKN2A (p16),NRAS,1
CDKN2A (p16),NTRK3,1
CDKN2A (p16),PAK1,1
CDKN2A (p16),PRKCA,1
CDKN2A (p16),SPRED1,1
CDKN2A (p16),TERT,1
CDKN2A (p16),YAP1,1
EP300,GAB2,1
EP300,KIT,1
EP300,MDM2,1
EP300,NF1,1
EP300,NRAS,1
EP300,NTRK3,1
EP300,PAK1,1
EP300,PRKCA,1
EP300,SPRED1,1
EP300,TERT,1
EP300,YAP1,1
GAB2,KIT,2
GAB2,MDM2,1
GAB2,NF1,2
GAB2,NRAS,2
GAB2,NTRK3,1
GAB2,PAK1,2
GAB2,PRKCA,1
GAB2,SPRED1,1
GAB2,TERT,1
GAB2,YAP1,1
KIT,NTRK3,1
KIT,PAK1,2
KIT,PRKCA,1
KIT,SPRED1,1
KIT,TERT,2
KIT,YAP1,1
MDM2,NTRK3,1
MDM2,PAK1,1
MDM2,PRKCA,1
MDM2,SPRED1,1
MDM2,YAP1,1
NF1,NTRK3,1
NF1,PAK1,2
NF1,PRKCA,1
NF1,SPRED1,1
NF1,YAP1,1
NRAS,NTRK3,1
NRAS,PAK1,2
NRAS,PRKCA,1
NRAS,SPRED1,1
NRAS,TERT,2
NRAS,YAP1,1
NTRK3,PAK1,1
NTRK3,PRKCA,1
NTRK3,SPRED1,1
NTRK3,TERT,1
NTRK3,YAP1,1
PAK1,PRKCA,1
PAK1,SPRED1,1
PAK1,TERT,1
PAK1,YAP1,1
PRKCA,SPRED1,1
PRKCA,TERT,1
PRKCA,YAP1,1
SPRED1,TERT,1
SPRED1,YAP1,1
TERT,YAP1,1
ATRX,B,1
B,CDK4,1
B,CDKN2A,1
B,IDH1,1
B,TP53,1
CDK4,IDH1,3
CDKN2A,IDH1,1
IDH1,TP53,1
CDK6,TERT,3
ERK,MTOR,1
CDK6,CDKN2,2
MYC,PARP1,1
CDK4,FBXO4,1
CDK6,FBXO4,1
CCND1,MMP2,1
CCND1,MMP9,1
CDKN2A,MMP2,1
CDKN2A,MMP9,1
BRCA1,MTOR,1
BRCA1,PIK3CA,5
BRCA2,MTOR,1
BRCA2,PIK3CA,6
AKT,MCL1,1
AKT,RB1,1
AKT,TNBC,1
CDK4,TNBC,1
CDK6,MCL1,2
CDK6,TNBC,1
MCL1,PIK3CA,1
MCL1,RB1,2
MCL1,TNBC,1
MTOR,TNBC,1
PIK3CA,TNBC,1
RB1,TNBC,1
CCNA1,CCNB2,1
CCNA1,CCND2,1
CCNA1,CCNE1,1
CCNA1,CCNF,1
CCNA1,CDC2,1
CCNA1,CDKN2A,1
CCNA1,CDKN2B,1
CCNA1,CHEK1,1
CCNA1,TGFA,1
CCNB2,CCND2,1
CCNB2,CCNE1,2
CCNB2,CCNF,1
CCNB2,CDC2,1
CCNB2,CDK6,2
CCNB2,CDKN2A,2
CCNB2,CDKN2B,1
CCNB2,CHEK1,1
CCNB2,TGFA,1
CCND2,CCNF,1
CCND2,CDC2,1
CCND2,CHEK1,1
CCND2,TGFA,1
CCNE1,CCNF,1
CCNE1,CDC2,1
CCNE1,CHEK1,1
CCNE1,TGFA,1
CCNF,CDC2,1
CCNF,CDK6,1
CCNF,CDKN2A,1
CCNF,CDKN2B,1
CCNF,CHEK1,1
CCNF,TGFA,1
CDC2,CDKN2A,1
CDC2,CHEK1,1
CDC2,TGFA,1
CDK6,CHEK1,2
CDK6,TGFA,1
CDKN2A,CHEK1,1
CDKN2A,TGFA,1
CDKN2B,CHEK1,1
CDKN2B,TGFA,1
CHEK1,TGFA,1
CDK4,CDKN2A/B,1
ABCB1,AXL,1
ABCB1,BCL2,1
ABCB1,CDK4,3
ABCB1,SIRT1,1
ABCB1,TP53,1
AXL,BCL2,1
AXL,CDK6,1
AXL,SIRT1,1
AXL,TP53,1
BCL2,SIRT1,1
CDK4,SIRT1,1
CDK6,SIRT1,1
SIRT1,TP53,1
CCND1,CD24,1
CCND1,CD44,1
CCND1,EPCAM,1
CCND1,FOXO,1
CCND1,MUC1,1
CD24,CD44,1
CD24,EPCAM,1
CD24,FOXO,1
CD24,MUC1,1
CD24,MYC,1
CD24,PTEN,1
CD44,EPCAM,1
CD44,FOXO,1
CD44,MUC1,1
CD44,MYC,1
CD44,PTEN,1
EPCAM,FOXO,1
EPCAM,MUC1,1
EPCAM,MYC,1
EPCAM,PTEN,2
FOXO,MUC1,1
FOXO,MYC,1
FOXO,PTEN,1
MUC1,MYC,1
MUC1,PTEN,1
FGFR1,MTOR,1
CDKN2A,FGFR3,1
EGFR,FGFR3,2
FGFR3,TP53,1
CDK4,MUC16,1
CDK6,MUC16,1
CDK1,CDK7,1
CDK2,CDK7,1
ARID2,CDK4,2
ARID2,MDM2,2
ARID2,MRPS30,1
ARID2,NOTCH2,1
ARID2,PDE4DIP,1
CDK4,MRPS30,1
CDK4,PDE4DIP,1
MDM2,MRPS30,1
MDM2,PDE4DIP,1
MRPS30,NOTCH2,1
MRPS30,PDE4DIP,1
NOTCH2,PDE4DIP,1
CDK4,ERBB3,1
CDK6,ERBB3,2
ERBB3,FGFR2,1
KIT,SNAI1,1
KIT,TPX2,1
PDGFRA,SNAI1,1
PDGFRA,TPX2,1
SNAI1,TPX2,1
BAP1,POT1,3
AKT1,CCNB1,1
CCNB1,CDKN1B,2
CCNB1,RB1,1
CDKN1B,EGFR,1
CDK4,KMT2A,1
CDK6,KMT2A,1
CDK9,FLT3,1
CDK9,KMT2A,1
FLT3,KMT2A,1
CDK4,IDH,3
CDKN2A,IDH,1
IDH,PDGFRA,1
ERBB2,ERBB3,1
ERBB3,PIK3CA,1
CD274,NFE2L2,1
CD274,PARP1,2
CDK4,NFE2L2,1
CDK6,NFE2L2,1
NFE2L2,PARP1,1
CCNE1,E2F1,2
CDK6,GLI1,2
GLI1,PIK3CA,1
MTOR,TP53,2
CDK4,KEAP1,1
CDK4,SMARCA4,3
CDK6,KEAP1,1
CDK6,SMARCA4,1
KEAP1,KRAS,1
KEAP1,SMARCA4,1
KEAP1,STK11,1
KEAP1,TP53,1
KRAS,SMARCA4,1
KRAS,STK11,1
SMARCA4,STK11,1
SMARCA4,TP53,1
CDK12,CDK13,1
CDK12,CDK6,1
CDK12,CDK7,1
CDK12,CDK8,1
CDK12,CDK9,1
CDK13,CDK4,1
CDK13,CDK6,1
CDK13,CDK7,1
CDK13,CDK8,1
CDK13,CDK9,1
CDK4,CDK8,3
CDK6,CDK8,2
CDK7,CDK8,2
CDK7,CDK9,2
CDK8,CDK9,2
MIR342,OIP5-AS1,1
AR,BCL2,1
AR,PIK3CA,4
BCL2,ERBB2,1
BCL2,PIK3CA,2
CDK4,DDR2,2
CDK4,TSHR,1
DDR2,MDM2,1
DDR2,SDHC,1
DDR2,TSHR,1
MDM2,SDHC,1
MDM2,TSHR,1
SDHC,TSHR,1
CDK4,SAMHD1,1
CDK6,SAMHD1,1
PGR,PIK3CA,1
AKT,HER2,1
HER2,MTOR,2
HER2,PI3K,1
CDK4,SHP2,1
CDK6,HSP90,1
CDK6,SHP2,1
HSP90,KRAS,1
HSP90,PIK3CA,1
HSP90,SHP2,1
KRAS,SHP2,1
PIK3CA,SHP2,1
ACD,BAP1,1
ACD,BRCA1,1
ACD,BRCA2,1
ACD,CDKN2A,1
ACD,MC1R,1
ACD,MITF,1
ACD,PTEN,1
ACD,RB1,1
ACD,TP53,1
BAP1,BRCA1,1
BAP1,BRCA2,1
BAP1,PTEN,1
BAP1,RB1,1
BAP1,TERF2IP,1
BAP1,TP53,1
BRCA1,TERF2IP,1
BRCA1,TERT,1
BRCA2,TERF2IP,1
BRCA2,TERT,1
CDKN2A,TERF2IP,1
MC1R,PTEN,1
MC1R,TERF2IP,1
MC1R,TERT,1
MC1R,TP53,1
MITF,TERF2IP,1
PTEN,TERF2IP,1
RB1,TERF2IP,1
TERF2IP,TP53,1
AKT,ENO1,1
AKT,ENO2,1
AKT,ENO3,1
AKT,MAPK,1
CDK6,ENO1,1
CDK6,ENO2,1
CDK6,ENO3,1
ENO1,ENO2,1
ENO1,ENO3,1
ENO1,MAPK,1
ENO2,ENO3,1
ENO2,MAPK,1
ENO3,MAPK,1
BAX,CASP8,1
BAX,CASP9,1
BAX,CDK6,1
BCL2,CASP3,1
BCL2,CASP8,1
BCL2,CASP9,2
BCL2L1,CASP3,1
BCL2L1,CASP8,1
BCL2L1,CASP9,1
BCL2L1,CDK6,2
CASP3,CASP8,2
CASP3,CASP9,1
CASP3,CDK6,2
CASP8,CASP9,1
CASP8,CCND1,2
CASP8,CDK4,2
CASP8,CDK6,2
CASP9,CCND1,2
CASP9,CDK4,2
CASP9,CDK6,1
CD274,CTLA4,2
CDK4,CTLA4,5
CDK6,CTLA4,5
CTLA4,PDCD1,4
ALK,AURKA,1
ALK,EPHB4,1
ALK,EPHB6,1
ALK,LMTK3,1
ALK,RAF1,1
ALK,RET,1
ALK,VEGF,1
AURKA,EPHB4,1
AURKA,EPHB6,1
AURKA,LMTK3,1
AURKA,RAF1,1
AURKA,RET,1
AURKA,VEGF,1
CDK4,EPHB4,1
CDK4,EPHB6,1
CDK4,LMTK3,1
CDK4,RET,5
EPHB4,EPHB6,1
EPHB4,LMTK3,1
EPHB4,RAF1,1
EPHB4,RET,1
EPHB4,VEGF,1
EPHB6,LMTK3,1
EPHB6,RAF1,1
EPHB6,RET,1
EPHB6,VEGF,1
LMTK3,RAF1,1
LMTK3,RET,1
LMTK3,VEGF,1
RAF1,RET,1
RAF1,VEGF,1
RET,VEGF,1
BRAF,POT1,1
NF1,POT1,1
NRAS,POT1,1
CDK4,DAXX,1
CDK4,NBN,2
DAXX,MYC,1
DAXX,NBN,1
MYC,NBN,1
BCL2,CTNNB1,1
BCL2,E2F5,1
BCL2,FAT4,1
BCL2,GSK3B,1
BCL2,VIM,1
BCL2,YAP,1
CASP9,CTNNB1,1
CASP9,E2F5,1
CASP9,FAT4,1
CASP9,GSK3B,1
CASP9,VIM,1
CASP9,YAP,1
CCND1,E2F5,1
CCND1,FAT4,1
CCND1,VIM,1
CCND1,YAP,1
CDK4,E2F5,1
CDK4,FAT4,1
CDK4,VIM,1
CDK4,YAP,1
CTNNB1,E2F5,1
CTNNB1,FAT4,1
CTNNB1,GSK3B,1
CTNNB1,VIM,1
CTNNB1,YAP,1
E2F5,FAT4,1
E2F5,GSK3B,1
E2F5,VIM,1
E2F5,YAP,1
FAT4,GSK3B,1
FAT4,VIM,1
FAT4,YAP,1
GSK3B,VIM,1
GSK3B,YAP,1
VIM,YAP,1
CDK1,IGF2,1
CDK1,PLK1,1
CDK1,PLK4,1
CDK1,TOP2A,1
CDK4,IGF2,1
CDK4,PLK1,2
CDK4,PLK4,1
CDK6,IGF2,1
CDK6,PLK1,2
CDK6,PLK4,1
CDK6,TOP2A,1
IGF2,PLK1,1
IGF2,PLK4,1
IGF2,TOP2A,1
PLK1,PLK4,1
PLK1,TOP2A,1
PLK4,TOP2A,1
CDK4,DNA repair genes,1
CDK4,MAP3K1,1
CDK4,RTK,3
CDK6,DNA repair genes,1
CDK6,MAP3K1,1
CDK6,RTK,3
DNA repair genes,ERBB2,1
DNA repair genes,MAP3K1,1
DNA repair genes,PIK3CA,1
DNA repair genes,RAS,1
DNA repair genes,RTK,1
DNA repair genes,TP53,1
ERBB2,MAP3K1,1
ERBB2,RAS,2
ERBB2,RTK,1
MAP3K1,PIK3CA,1
MAP3K1,RAS,1
MAP3K1,RTK,1
MAP3K1,TP53,1
PIK3CA,RTK,1
RAS,RTK,3
RTK,TP53,1
CDK7,E2F1,1
CDK7,FOXO3,1
CDK7,RB1,1
E2F1,FOXO3,1
FOXO3,RB1,1
AKT1,AURKA,1
AKT1,CCNE2,1
AKT1,FGFR2,1
AURKA,CCNE2,1
AURKA,CDK6,5
AURKA,ERBB2,1
AURKA,FGFR2,1
AURKA,RAS,1
AURKA,RB1,1
CCNE2,CDK4,1
CCNE2,ERBB2,1
CCNE2,FGFR2,1
CCNE2,RAS,1
CCNE2,RB1,1
ERBB2,FGFR2,2
FGFR2,RAS,1
FGFR2,RB1,1
CDK4,FOXO1,1
CDK4,HSP90AA1,2
CDK4,PAX3,1
FGFR4,FOXO1,1
FGFR4,HSP90AA1,1
FGFR4,PAX3,1
FGFR4,PIK3CA,1
FGFR4,RET,1
FOXO1,HSP90AA1,1
FOXO1,PAX3,1
FOXO1,PIK3CA,1
FOXO1,RET,1
HSP90AA1,PAX3,1
HSP90AA1,PIK3CA,1
HSP90AA1,RET,1
PAX3,PIK3CA,1
PAX3,RET,1
PIK3CA,RET,2
BCL2,CMYC,1
CDK4,CMYC,1
CDK4,MTORC1,1
CDK4,PKA,1
CDK4,WNT,1
CDK6,MTORC1,1
CDK6,PKA,1
CDK6,WNT,2
MTORC1,PKA,1
MTORC1,RB1,1
MTORC1,WNT,1
PKA,RB1,1
PKA,WNT,1
RB1,WNT,1
BTC,CDK6,1
BTC,CDKN2B,1
BTC,ERBB2,1
BTC,FGFR2,1
BTC,IDH1,1
BTC,IDH2,1
BTC,NTRK1,1
BTC,RNF43,1
CDK6,IDH1,1
CDK6,IDH2,2
CDK6,NTRK1,1
CDK6,RNF43,2
CDKN2B,FGFR2,1
CDKN2B,IDH1,1
CDKN2B,IDH2,1
CDKN2B,NTRK1,1
CDKN2B,RNF43,1
ERBB2,IDH1,1
ERBB2,IDH2,1
ERBB2,NTRK1,1
ERBB2,RNF43,1
FGFR2,IDH1,1
FGFR2,IDH2,1
FGFR2,NTRK1,1
FGFR2,RNF43,1
IDH1,IDH2,1
IDH1,NTRK1,1
IDH1,RNF43,1
IDH2,NTRK1,1
IDH2,RNF43,1
NTRK1,RNF43,1
AR,CCND2,1
AR,CCND3,1
AR,CCNE1,1
AR,CDKN2A,2
AR,CDKN2B,1
CCND3,RB1,4
CDK6,SNHG17,1
CDK6,STAT3,4
CDK6,miR-214-3p,1
SNHG17,STAT3,1
SNHG17,miR-214-3p,1
STAT3,miR-214-3p,1
AR,MYC,1
CD19,CD4,1
CD19,CD8,1
CD19,CDK4,1
CD19,CDK6,1
CD4,CD8,1
CD4,CDK4,1
CD4,CDK6,1
CD8,CDK4,1
CD8,CDK6,1
CCNB1,CCNE,1
CCNB1,CYP11A1,1
CCNB1,CYP19A1,1
CCNB1,StAR,1
CCND1,CYP11A1,1
CCND1,CYP19A1,1
CCND1,StAR,1
CCNE,CYP11A1,1
CCNE,CYP19A1,1
CCNE,StAR,1
CDK4,CYP11A1,1
CDK4,CYP19A1,1
CDK4,StAR,1
CYP11A1,CYP19A1,1
CYP11A1,StAR,1
CYP19A1,StAR,1
CDK6,MGMT,1
EGFR,MGMT,1
CDK4,CSF1R,1
CDK6,CSF1R,1
CSF1R,KRAS,1
CSF1R,MAPK,1
CSF1R,PTPN11,1
CSF1R,RAS,1
CSF1R,RTK,1
KRAS,RAS,2
KRAS,RTK,1
MAPK,RAS,2
MAPK,RTK,1
PTPN11,RAS,1
PTPN11,RTK,1
ATF3,CDK4,1
ATF3,CDK6,1
ATF3,ESR1,1
CCND1,MAP2K1,1
CCND1,PDPK1,1
CDK4,PDPK1,1
CDK6,PDPK1,1
MAP2K1,PDPK1,1
ATM,MRE11A,1
ATM,POLH,1
ATM,RECQL4,1
ATM,XPC,1
CDK4,MRE11A,1
CDK4,POLH,1
CDK4,RECQL4,1
CDK4,XPC,1
CDKN2A,MRE11A,1
CDKN2A,POLH,1
CDKN2A,RECQL4,1
CDKN2A,XPC,1
MRE11A,POLH,1
MRE11A,RECQL4,1
MRE11A,XPC,1
POLH,RECQL4,1
POLH,XPC,1
RECQL4,XPC,1
AKT1,NCAPG,1
CCND1,NCAPG,1
CDK4,NCAPG,1
CDK6,NCAPG,1
CDKN1A,GSK3B,1
CDKN1A,NCAPG,1
CDKN1A,PIK3CA,2
CDKN1B,GSK3B,1
CDKN1B,NCAPG,1
CDKN1B,PIK3CA,1
GSK3B,NCAPG,1
GSK3B,PIK3CA,1
NCAPG,PIK3CA,1
BRCA1,HER2,1
BRCA2,HER2,1
CCND1,MCM2,1
CCND1,ROQUIN1,1
CCNE1,MCM2,1
CCNE1,ROQUIN1,1
CDK6,MCM2,1
CDK6,ROQUIN1,1
MCM2,ROQUIN1,1
CDK6,NOTCH2,1
CDK4,MIR3613,1
CDK6,MIR3613,1
ERBB2,EZH2,1
ERBB2,MIR3613,1
ERBB2,SMAD2,1
EZH2,MIR3613,1
EZH2,SMAD2,1
MIR3613,SMAD2,1
CDK4,MC4R,1
CDK6,MC4R,1
MC4R,RB1,1
EGFR,HER2,1
EGFR,MTOR,1
HER2,PARP,1
HER2,VEGF,1
MTOR,PARP,2
MTOR,VEGF,1
CDC25B,CDK4,1
CDC25B,CDK6,1
CDC25B,CHK1,1
CDC25B,MCM3,1
CDC25B,TP53,1
CDK4,CHK1,3
CDK4,MCM3,1
CDK6,CHK1,3
CDK6,MCM3,1
CHK1,MCM3,1
CHK1,TP53,1
MCM3,TP53,1
AM,ATM,1
AM,CCND1,1
AM,CDK4,1
AM,CDKN2A,1
AM,CDKN2B,1
AM,RAD51,1
ATM,RAD51,1
CCND1,RAD51,1
CDK4,RAD51,1
CDKN2A,RAD51,1
CDKN2B,RAD51,1
CDK4,CREBBP,1
CDK4,FOXM1,4
CDK6,CREBBP,1
CDK6,FOXM1,4
CREBBP,FOXM1,1
CDK4,TCL1A,1
CDKN2A,TCL1A,1
MAPK1,TCL1A,1
CDK4,H3F3C,1
H3F3C,TP53,1
CDK6,YAP,1
AKT,ESR1,1
CDK4,CTCFL,1
CDK6,CTCFL,1
CTCFL,ERBB2,1
BRCA1,CD274,1
BRCA1,ER,1
BRCA1,MKI67,1
BRCA1,PARP1,1
BRCA2,CD274,1
BRCA2,ER,1
BRCA2,MKI67,1
BRCA2,PARP1,1
CD274,ER,1
CD274,ERBB2,2
CD274,MKI67,1
CDK4,ER,6
CDK4,MKI67,3
CDK6,ER,6
CDK6,MKI67,3
ER,ERBB2,1
ER,MKI67,1
ER,PARP1,1
ER,PIK3CA,2
ERBB2,MKI67,1
ERBB2,PARP1,1
MKI67,PARP1,1
MKI67,PIK3CA,1
PARP1,PIK3CA,1
CCND1,SHMT2,1
CCND1,p21,1
CCND1,p27,1
CDK4,SHMT2,1
CDK4,p21,1
CDK4,p27,1
SHMT2,p21,1
SHMT2,p27,1
p21,p27,1
CDK4,DOG1,1
CDK4,MUC4,1
CDK4,NKX2.2,1
CDK4,NKX3.1,1
CDK4,SMARCB1,2
DOG1,ETV4,1
DOG1,MDM2,1
DOG1,MUC4,1
DOG1,NKX2.2,1
DOG1,NKX3.1,1
DOG1,SMARCA4,1
DOG1,SMARCB1,1
ETV4,MDM2,1
ETV4,MUC4,1
ETV4,NKX2.2,1
ETV4,NKX3.1,1
ETV4,SMARCA4,1
ETV4,SMARCB1,1
MDM2,MUC4,1
MDM2,NKX2.2,1
MDM2,NKX3.1,1
MDM2,SMARCA4,2
MDM2,SMARCB1,1
MUC4,NKX2.2,1
MUC4,NKX3.1,1
MUC4,SMARCA4,1
MUC4,SMARCB1,1
NKX2.2,NKX3.1,1
NKX2.2,SMARCA4,1
NKX2.2,SMARCB1,1
NKX3.1,SMARCA4,1
NKX3.1,SMARCB1,1
SMARCA4,SMARCB1,1
ATR,CDK4,4
ATR,CDK6,4
ATR,PARP,1
CCND3,FLT3,1
CCND3,IDH2,1
CCND3,NRAS,1
CDK4,IDH2,1
FLT3,IDH2,1
FLT3,NRAS,1
FLT3,TP53,1
IDH2,NRAS,1
IDH2,TP53,1
AKT1,DDR1,1
CDK4,DDR1,2
CDK6,DDR1,2
DDR1,PIK3CA,1
MAP2K1 (MEK1),NRAS,1
CDK4,MPL,1
CDK6,JAK2,2
CDK6,MPL,1
JAK2,MPL,1
CDK4,CEBPB,1
CDK4,TBX3,1
CEBPB,PTEN,1
CEBPB,RB1,1
CEBPB,TBX3,1
PTEN,TBX3,1
RB1,TBX3,1
CASP3,CCND3,1
CASP3,CHK2,1
CASP3,PARP,1
CASP7,CASP8,1
CASP7,CCND1,1
CASP7,CCND3,1
CASP7,CDK4,1
CASP7,CDK6,1
CASP7,CHK2,1
CASP7,PARP,1
CASP8,CCND3,1
CASP8,CHK2,1
CASP8,PARP,1
CASP8,RB1,1
CCND1,CHK2,1
CCND1,PARP,1
CCND3,CHK2,1
CCND3,PARP,1
CDK4,CHK2,2
CDK6,CHK2,2
CHK2,PARP,1
CHK2,RB1,1
PARP,RB1,1
AVIL,CDK4,1
AVIL,CDKN2A,1
AVIL,CDKN2B,1
AVIL,DTX3,1
AVIL,EGFR,1
AVIL,INFA5,1
AVIL,INFA8,1
CDK4,DTX3,1
CDK4,INFA5,1
CDK4,INFA8,1
CDKN2A,DTX3,1
CDKN2A,INFA5,1
CDKN2A,INFA8,1
CDKN2B,DTX3,1
CDKN2B,INFA5,1
CDKN2B,INFA8,1
DTX3,EGFR,1
DTX3,INFA5,1
DTX3,INFA8,1
EGFR,INFA5,1
EGFR,INFA8,1
INFA5,INFA8,1
ALK,FGFR1,1
ALK,ROS1,1
CDK4,ROS1,1
FGFR1,ROS1,1
CCNE1,PCNA,1
CDKN2A,PCNA,1
CDK4,WEE1,2
CDK6,WEE1,1
ESR1,WEE1,1
CD274,NF1,1
CD274,NF2,1
CD274,PTEN,1
CD274,RET,1
CD274,SDHA,1
CD274,SDHB,1
CDK4,SDHA,1
FGFR1,NF1,1
FGFR1,NF2,1
FGFR1,RET,1
FGFR1,SDHA,1
FGFR1,SDHB,1
NF1,RET,1
NF1,SDHA,1
NF2,RET,1
NF2,SDHA,1
PTEN,RET,1
PTEN,SDHA,1
PTEN,SDHB,1
RET,SDHA,1
RET,SDHB,1
SDHA,SDHB,1
AKT,ATM,1
AKT,H2AX,1
ATM,H2AX,1
CCND1,H2AX,1
CDK4,H2AX,1
CDK6,H2AX,1
CCND1,FOS,1
CCND1,JUN,1
FOS,JUN,2
CDK4,PMS2,3
CDKN2A,PMS2,2
PDGFRA,PMS2,1
CDK4,HR,4
CDK4,Hormone receptor 2,3
CDK6,HR,4
CDK6,Hormone receptor 2,3
HR,Hormone receptor 2,3
HR,PTEN,1
Hormone receptor 2,PTEN,1
CDKN2A,FRS2,1
EGFR,FRS2,1
FRS2,TP53,1
BCOR,CDK4,1
BCOR,CDKN2A,1
BCOR,PDGFRA,1
CDK4,CYCS,1
CDK6,CYCS,1
CYCS,E2F1,1
CCNB1,WEE1,1
CCND1,WEE1,1
CDC2,WEE1,1
ARID1A,ARID5B,1
ARID1A,CCND1,1
ARID1A,CTCF,1
ARID5B,CCND1,1
ARID5B,CDK4,1
ARID5B,CDK6,1
ARID5B,CTCF,1
ARID5B,CTNNB1,1
ARID5B,PTEN,1
ARID5B,TP53,1
CCND1,CTCF,1
CDK4,CTCF,1
CDK6,CTCF,1
CTCF,CTNNB1,1
CTCF,PTEN,1
CTCF,TP53,1
BCR-ABL1,CDK4,1
BCR-ABL1,CDK6,1
CCND1,CDK3,1
CDK1,CDK3,1
CDK1,RB1,1
CDK2,CDK3,1
CDK3,CDK4,1
CDK3,CDKN1A,1
CDK3,CDKN2A,1
CDK3,RB1,1
CDK6,JNK,1
CDK,CDK19,1
CDK,CDK7,1
CDK,CDK8,1
CDK,CDK9,1
CDK19,CDK4,1
CDK19,CDK6,1
CDK19,CDK7,1
CDK19,CDK8,1
CDK19,CDK9,1
CARD11,CCND3,1
CARD11,CDK4,1
CARD11,CDK4/6,1
CARD11,EGF,1
CARD11,FRS2,1
CARD11,GLI1,1
CARD11,GPC3,1
CARD11,MAPK8,1
CARD11,MDM2,1
CARD11,MDM4,1
CARD11,PMS2,1
CARD11,RAC1,1
CARD11,RUNX2,1
CARD11,SLC16A7,1
CARD11,SOX10,1
CCND3,CDK4/6,1
CCND3,EGF,1
CCND3,FRS2,1
CCND3,GLI1,1
CCND3,GPC3,1
CCND3,MAPK8,1
CCND3,MDM4,1
CCND3,PMS2,1
CCND3,RAC1,1
CCND3,RUNX2,1
CCND3,SLC16A7,1
CCND3,SOX10,1
CDK4,CDK4/6,1
CDK4,EGF,1
CDK4,RAC1,1
CDK4,SLC16A7,1
CDK4,SOX10,1
CDK4/6,EGF,1
CDK4/6,FRS2,1
CDK4/6,GLI1,1
CDK4/6,GPC3,1
CDK4/6,MAPK8,1
CDK4/6,MDM2,1
CDK4/6,MDM4,1
CDK4/6,PMS2,1
CDK4/6,RAC1,1
CDK4/6,RUNX2,1
CDK4/6,SLC16A7,1
CDK4/6,SOX10,1
EGF,FRS2,1
EGF,GLI1,1
EGF,GPC3,1
EGF,MAPK8,1
EGF,MDM2,1
EGF,MDM4,1
EGF,PMS2,1
EGF,RAC1,1
EGF,RUNX2,1
EGF,SLC16A7,1
EGF,SOX10,1
FRS2,GLI1,1
FRS2,GPC3,1
FRS2,MAPK8,1
FRS2,MDM4,1
FRS2,PMS2,1
FRS2,RAC1,1
FRS2,RUNX2,1
FRS2,SLC16A7,1
FRS2,SOX10,1
GLI1,GPC3,1
GLI1,MAPK8,1
GLI1,MDM4,1
GLI1,PMS2,1
GLI1,RAC1,1
GLI1,RUNX2,1
GLI1,SLC16A7,1
GLI1,SOX10,1
GPC3,MAPK8,1
GPC3,MDM2,1
GPC3,MDM4,1
GPC3,PMS2,1
GPC3,RAC1,1
GPC3,RUNX2,1
GPC3,SLC16A7,1
GPC3,SOX10,1
MAPK8,MDM2,1
MAPK8,MDM4,1
MAPK8,PMS2,1
MAPK8,RAC1,1
MAPK8,RUNX2,1
MAPK8,SLC16A7,1
MAPK8,SOX10,1
MDM2,PMS2,1
MDM2,RAC1,1
MDM2,RUNX2,1
MDM2,SLC16A7,1
MDM2,SOX10,1
MDM4,PMS2,1
MDM4,RAC1,1
MDM4,RUNX2,1
MDM4,SLC16A7,1
MDM4,SOX10,1
PMS2,RAC1,1
PMS2,RUNX2,1
PMS2,SLC16A7,1
PMS2,SOX10,1
RAC1,RUNX2,1
RAC1,SLC16A7,1
RAC1,SOX10,1
RUNX2,SLC16A7,1
RUNX2,SOX10,1
SLC16A7,SOX10,1
CCND1,KRAS,2
CDK6,SRC,1
CDKN1B,KRAS,1
CDKN1B,SRC,1
KRAS,SRC,1
KDR,NF1,1
KDR,TP53,1
CD44,CDK4,1
CD44,CDK6,1
CCND1,TGFB1,2
NFKB1,TP53,1
CDK4,TYK2,1
CDK6,TYK2,1
MTOR,TYK2,1
CCND1,CDH2,1
CCND2,CDH2,1
CDH2,CDK4,1
CDH2,CDKN1A,1
CCND1,PDGFRA,1
CCND1,RAS,1
CCND1,RPS6KA1,1
CCND1,SLC25A5,1
CCND1,SNRPB,1
CCND1,c-MYC,1
CCND2,ERK1,1
CCND2,ERK2,1
CCND2,MAPK,1
CCND2,MAPK1,1
CCND2,MAPK3,1
CCND2,RAS,1
CCND2,RPS6,1
CCND2,RPS6KA1,1
CCND2,SLC25A5,1
CCND2,SNRPB,1
CCND2,c-MYC,1
CCND3,E2F1,1
CCND3,ERK1,1
CCND3,ERK2,1
CCND3,MAPK,1
CCND3,MAPK1,1
CCND3,MAPK3,1
CCND3,RAS,1
CCND3,RPS6,1
CCND3,RPS6KA1,1
CCND3,SLC25A5,1
CCND3,SNRPB,1
CCND3,c-MYC,1
CDK4,RPS6,2
CDK4,RPS6KA1,1
CDK4,SLC25A5,1
CDK4,SNRPB,1
CDK4,c-MYC,1
CDK6,RPS6KA1,1
CDK6,SLC25A5,1
CDK6,SNRPB,1
CDK6,c-MYC,1
E2F1,ERK1,1
E2F1,ERK2,1
E2F1,MAPK,1
E2F1,MAPK3,1
E2F1,RAS,1
E2F1,RPS6,1
E2F1,RPS6KA1,1
E2F1,SLC25A5,1
E2F1,SNRPB,1
E2F1,c-MYC,1
ERK1,MAPK1,1
ERK1,MAPK3,1
ERK1,RAS,1
ERK1,RPS6,1
ERK1,RPS6KA1,1
ERK1,SLC25A5,1
ERK1,SNRPB,1
ERK1,c-MYC,1
ERK2,MAPK1,1
ERK2,MAPK3,1
ERK2,RAS,1
ERK2,RPS6,1
ERK2,RPS6KA1,1
ERK2,SLC25A5,1
ERK2,SNRPB,1
ERK2,c-MYC,1
MAPK,MAPK1,1
MAPK,MAPK3,1
MAPK,RPS6,1
MAPK,RPS6KA1,1
MAPK,SLC25A5,1
MAPK,SNRPB,1
MAPK,c-MYC,1
MAPK1,RAS,1
MAPK1,RB1,1
MAPK1,RPS6,1
MAPK1,RPS6KA1,1
MAPK1,SLC25A5,1
MAPK1,SNRPB,1
MAPK1,c-MYC,1
MAPK3,RAS,1
MAPK3,RB1,1
MAPK3,RPS6,1
MAPK3,RPS6KA1,1
MAPK3,SLC25A5,1
MAPK3,SNRPB,1
MAPK3,c-MYC,1
RAS,RPS6,1
RAS,RPS6KA1,1
RAS,SLC25A5,1
RAS,SNRPB,1
RAS,c-MYC,1
RB1,RPS6,2
RB1,RPS6KA1,1
RB1,SLC25A5,1
RB1,SNRPB,1
RB1,c-MYC,1
RPS6,RPS6KA1,1
RPS6,SLC25A5,1
RPS6,SNRPB,1
RPS6,c-MYC,1
RPS6KA1,SLC25A5,1
RPS6KA1,SNRPB,1
RPS6KA1,c-MYC,1
SLC25A5,SNRPB,1
SLC25A5,c-MYC,1
SNRPB,c-MYC,1
AKT,CCND,1
AKT,CCND3,1
AKT,CDK,1
AKT,FGF,1
CCND,CCND1,2
CCND,CCND2,1
CCND,CCND3,1
CCND,CDK,1
CCND,CDK4,2
CCND,CDK6,2
CCND,FGF,1
CCND,FGFR,1
CCND,PIK3CA,1
CCND1,FGF,1
CCND1,FGFR,1
CCND2,CDK,1
CCND2,FGF,1
CCND2,FGFR,1
CCND2,PIK3CA,2
CCND3,CDK,1
CCND3,FGF,1
CCND3,FGFR,1
CDK,FGF,1
CDK,FGFR,1
CDK,PIK3CA,1
CDK4,FGF,1
CDK6,FGF,1
FGF,FGFR,1
FGF,PIK3CA,1
CCND,CCNE,1
CCND,CDKN2A,1
CCND,E2F1,1
CCND,RB1,1
CDK4,PD1,1
CDK4,PDL1,1
CDK6,PD1,1
CDK6,PDL1,1
CTLA4,PD1,1
CTLA4,PDL1,1
CTLA4,PI3K,1
PD1,PDL1,1
PD1,PI3K,1
PDL1,PI3K,1
CDK4,DR5,2
CDK4,TP73,2
CDK6,DR5,2
CDK6,TP73,2
DR5,TP73,2
CDK4,SPOCK1,1
AKT1,CDH1,1
CCND1,CDH1,2
CDH1,PIK3CA,2
CDK4,TOP2,1
CDK6,TOP2,1
DR5,E2F,1
DR5,RB1,1
E2F,TP73,1
RB1,TP73,1
AKT1,AKT2,1
AKT2,AKT3,1
AKT2,MTOR,1
AKT2,PIK3CA,1
AKT2,PTEN,1
AKT3,MTOR,1
AKT1,ESR1,2
AR,PRRX2,1
ATM,RAD51C,2
BRCA1,RAD51C,1
BRCA2,RAD51C,1
CDK4,RAD51C,2
ATR,CHEK1,1
ATR,CHK1,1
ATR,CHK2,1
ATR,ESR1,1
CHEK1,CHK1,1
CHEK1,CHK2,1
CHEK1,ESR1,1
CHK1,CHK2,1
CHK1,ESR1,1
CHK2,ESR1,1
CDK4,NUP107,1
FRS2,HMGA2,1
FRS2,NUP107,1
FRS2,YEATS4,1
HMGA2,NUP107,1
HMGA2,OS9,1
MDM2,NUP107,1
NUP107,OS9,1
NUP107,YEATS4,1
OS9,YEATS4,1
CDK6,GFI1,2
CDK6,GFI1B,1
CDK6,GLI2,1
CDK6,KBTBD4,1
CDK6,KDM6A,1
CDK6,PRDM6,1
CDK6,SHH,1
CDK6,SNCAIP,1
CDK6,SUFU,1
GFI1,GFI1B,1
GFI1,GLI1,1
GFI1,GLI2,1
GFI1,KBTBD4,1
GFI1,KDM6A,1
GFI1,MYC,1
GFI1,OTX2,1
GFI1,PRDM6,1
GFI1,PTCH1,1
GFI1,SHH,1
GFI1,SNCAIP,1
GFI1,SUFU,1
GFI1,TP53,1
GFI1,WNT,1
GFI1B,GLI1,1
GFI1B,GLI2,1
GFI1B,KBTBD4,1
GFI1B,KDM6A,1
GFI1B,MYC,1
GFI1B,OTX2,1
GFI1B,PRDM6,1
GFI1B,PTCH1,1
GFI1B,SHH,1
GFI1B,SNCAIP,1
GFI1B,SUFU,1
GFI1B,TP53,1
GFI1B,WNT,1
GLI1,GLI2,1
GLI1,KBTBD4,1
GLI1,KDM6A,1
GLI1,MYC,1
GLI1,OTX2,1
GLI1,PRDM6,1
GLI1,PTCH1,1
GLI1,SHH,1
GLI1,SNCAIP,1
GLI1,SUFU,1
GLI1,WNT,1
GLI2,KBTBD4,1
GLI2,KDM6A,1
GLI2,MYC,1
GLI2,OTX2,1
GLI2,PRDM6,1
GLI2,PTCH1,1
GLI2,SHH,1
GLI2,SNCAIP,1
GLI2,SUFU,1
GLI2,TP53,1
GLI2,WNT,1
KBTBD4,KDM6A,1
KBTBD4,MYC,1
KBTBD4,OTX2,1
KBTBD4,PRDM6,1
KBTBD4,PTCH1,1
KBTBD4,SHH,1
KBTBD4,SNCAIP,1
KBTBD4,SUFU,1
KBTBD4,TP53,1
KBTBD4,WNT,1
KDM6A,OTX2,1
KDM6A,PRDM6,1
KDM6A,PTCH1,1
KDM6A,SHH,1
KDM6A,SNCAIP,1
KDM6A,SUFU,1
KDM6A,WNT,1
MYC,PRDM6,1
MYC,PTCH1,1
MYC,SHH,1
MYC,SNCAIP,1
MYC,SUFU,1
MYC,WNT,1
OTX2,PRDM6,1
OTX2,PTCH1,1
OTX2,SHH,1
OTX2,SNCAIP,1
OTX2,SUFU,1
OTX2,TP53,1
OTX2,WNT,1
PRDM6,PTCH1,1
PRDM6,SHH,1
PRDM6,SNCAIP,1
PRDM6,SUFU,1
PRDM6,TP53,1
PRDM6,WNT,1
PTCH1,SHH,2
PTCH1,SNCAIP,1
PTCH1,SUFU,1
PTCH1,WNT,1
SHH,SNCAIP,1
SHH,SUFU,1
SHH,TP53,1
SHH,WNT,1
SNCAIP,SUFU,1
SNCAIP,TP53,1
SNCAIP,WNT,1
SUFU,TP53,1
SUFU,WNT,1
TP53,WNT,1
BMI1,BMP2,1
BMI1,CCND1,1
BMI1,CDKN2A,1
BMP2,CCND1,1
BMP2,CDK6,1
BMP2,CDKN2A,1
BMP2,E2F1,1
CDK4,RRM2,1
CDK6,RRM2,1
PIK3CA,RRM2,1
ATRX,FGFR1,1
ATRX,GNAS,1
ATRX,MCL1,1
ATRX,MYC,1
CDK4,GNAS,1
CDKN2A,GNAS,1
CDKN2A,MCL1,1
CDKN2B,FGFR1,1
CDKN2B,GNAS,1
CDKN2B,MCL1,1
FGFR1,GNAS,1
FGFR1,MCL1,1
FGFR1,MDM2,2
FGFR1,RB1,1
GNAS,MCL1,1
GNAS,MDM2,1
GNAS,MYC,1
GNAS,RB1,1
GNAS,TP53,1
MCL1,MYC,2
MCL1,TP53,2
BRAF,PIK3CG,1
BRAF,SOX2,1
CDK4,PIK3CG,2
CDKN2A,JAK2,1
CDKN2A,PIK3CG,1
CDKN2A,SOX2,1
EGFR,PIK3CG,1
EGFR,SOX2,2
JAK2,MET,1
JAK2,PIK3CG,1
JAK2,SOX2,1
MET,PIK3CG,1
MET,SOX2,1
PIK3CA,PIK3CG,2
PIK3CA,SOX2,1
PIK3CG,SOX2,1
BRAF,CDKN2B,2
BRAF,MTAP,1
CDK4,MTAP,1
CDKN2A,MTAP,1
CDKN2B,MTAP,1
EGFR,MTAP,1
EGFR,NF1,2
EGFR,TERT,2
MTAP,NF1,1
MTAP,PDGFRA,1
MTAP,PIK3CA,1
MTAP,PTEN,1
MTAP,TERT,1
MTAP,TP53,1
NF1,PDGFRA,1
PDGFRA,PTEN,3
PDGFRA,TERT,2
PIK3CA,TERT,1
AKT,ALK,1
AKT,CDKN2A,1
AKT,NFKB1,1
AKT,NOTCH,1
ALK,NFKB1,1
ALK,NOTCH,1
ALK,PIK3CA,1
CDK4,NOTCH,2
CDKN2A,NFKB1,1
CDKN2A,NOTCH,1
NFKB1,NOTCH,1
NFKB1,PIK3CA,1
NOTCH,PIK3CA,1
CDK6,MDM4,1
BRAF,NFKBIA,1
CDKN2A,NFKBIA,1
EGFR,NFKBIA,1
MDM2,NFKBIA,1
NFKBIA,PDGFRA,1
NFKBIA,PTEN,1
AKT,BCAT1,1
AKT,HDAC,1
AKT,IDH,1
AKT,MEK,1
AKT,PARP,1
AKT,PKC,1
AKT,RAF,1
AKT,RAS,1
AKT,RTK,1
BCAT1,CDK4,1
BCAT1,CDK6,1
BCAT1,HDAC,1
BCAT1,IDH,1
BCAT1,MEK,1
BCAT1,PARP,1
BCAT1,PI3K,1
BCAT1,PKC,1
BCAT1,RAF,1
BCAT1,RAS,1
BCAT1,RTK,1
CDK4,RAF,1
CDK6,IDH,1
CDK6,RAF,1
HDAC,IDH,1
HDAC,MEK,1
HDAC,PARP,1
HDAC,PI3K,1
HDAC,PKC,1
HDAC,RAF,1
HDAC,RAS,1
HDAC,RTK,1
IDH,MEK,1
IDH,PARP,1
IDH,PI3K,1
IDH,PKC,1
IDH,RAF,1
IDH,RAS,1
IDH,RTK,1
MEK,PARP,1
MEK,PI3K,1
MEK,PKC,1
MEK,RAF,1
MEK,RAS,1
MEK,RTK,1
PARP,PKC,1
PARP,RAF,1
PARP,RAS,1
PARP,RTK,1
PI3K,PKC,1
PI3K,RAF,1
PI3K,RAS,2
PI3K,RTK,1
PKC,RAF,1
PKC,RTK,1
RAF,RAS,1
RAF,RTK,1
CDK4,UBE2C,1
CDK4,UBE2S,1
CDK4,UBE2T,1
CDK6,UBE2C,1
CDK6,UBE2S,1
CDK6,UBE2T,1
UBE2C,UBE2S,1
UBE2C,UBE2T,1
UBE2S,UBE2T,1
CCND1,FAK,1
CDK4,FAK,1
CDK6,FAK,1
CDKN1A,FAK,1
CDKN1A,MTOR,2
FAK,MAPK,1
FAK,MTOR,1
FAK,MYC,1
FAK,RB1,1
MAPK,MYC,1
MTOR,MYC,3
CDK4,SHH,1
MDM2,PTCH1,1
MDM2,SHH,1
BRAF,hTERT,1
CCND1,hTERT,1
GAB2,hTERT,1
KIT,hTERT,1
NF1,hTERT,1
NRAS,hTERT,1
PAK1,hTERT,1
CDK4,GFI1,1
CDK4,GLR2007,1
CDK6,GLR2007,1
CDK4,S6K1,1
CDK6,S6K1,1
MTOR,S6K1,1
RB1,S6K1,1
CDK4,XPO1,1
AKT1,MAPK,1
CDK4,HSPA5,1
CDK6,HSPA5,1
CDK6,PI3KCA,2
CD274,PARP,1
CD274,PIK3,1
CDK4,PIK3,1
CDK6,PIK3,1
PARP,PIK3,1
CD274,EGFR,2
CD274,FOS,1
CD274,JAK1,1
CD274,JAK3,1
CD274,JUN,1
CD274,STAT1,1
CD274,STAT6,1
CD274,TWIST1,1
CD274,VEGFR2,1
CDK6,FOS,1
CDK6,JAK1,1
CDK6,JUN,1
CDK6,STAT1,1
CDK6,STAT6,1
CDK6,TWIST1,2
CDK6,VEGFR2,1
EGFR,FOS,1
EGFR,JAK1,1
EGFR,JUN,1
EGFR,STAT1,1
EGFR,STAT6,1
EGFR,TWIST1,1
FOS,JAK1,1
FOS,JAK3,1
FOS,STAT1,1
FOS,STAT6,1
FOS,TWIST1,1
FOS,VEGFR2,1
JAK1,JAK3,1
JAK1,JUN,1
JAK1,STAT1,1
JAK1,STAT6,1
JAK1,TWIST1,1
JAK1,VEGFR2,1
JAK3,JUN,1
JAK3,STAT1,1
JAK3,STAT6,1
JAK3,TWIST1,1
JAK3,VEGFR2,1
JUN,STAT1,1
JUN,STAT6,1
JUN,TWIST1,1
JUN,VEGFR2,1
STAT1,STAT6,1
STAT1,TWIST1,1
STAT1,VEGFR2,1
STAT6,TWIST1,1
STAT6,VEGFR2,1
TWIST1,VEGFR2,1
CHK1,PARP,1
CDK6,MYB,1
CDK6,MYBL1,1
KRAS,MYB,1
KRAS,MYBL1,1
MYB,MYBL1,1
MYB,TP53,1
MYBL1,TP53,1
AURKB,BIRC5,1
AURKB,CDK4,2
AURKB,CDK6,2
AURKB,EIF4E,1
AURKB,MNK1,1
AURKB,MNK2,1
AURKB,TPX2,1
BIRC5,CDK4,1
BIRC5,EIF4E,1
BIRC5,MNK1,1
BIRC5,MNK2,1
BIRC5,TPX2,1
CDK4,MNK1,1
CDK4,MNK2,1
CDK4,TPX2,1
CDK6,EIF4E,2
CDK6,MNK1,1
CDK6,MNK2,1
CDK6,TPX2,1
EIF4E,MNK1,1
EIF4E,MNK2,1
EIF4E,TPX2,1
MNK1,MNK2,1
MNK1,TPX2,1
MNK2,TPX2,1
APC,ARID2,1
APC,CCND1,1
APC,FGF19,1
APC,MDM2,2
ARID2,BRAF,1
ARID2,CCND1,1
ARID2,FGF19,1
ARID2,KIT,1
ARID2,NF1,1
ARID2,NRAS,1
BRAF,FGF19,1
CCND1,FGF19,3
FGF19,KIT,1
FGF19,MDM2,2
FGF19,NF1,1
FGF19,NRAS,1
ESR1,MKI67,2
MKI67,PGR,1
MEIS1,NCOA1,1
MEIS1,NCOA2,2
NCOA1,NCOA2,1
CDK4,CPVL,1
CDK6,CPVL,1
CPVL,PTEN,1
KRAS,MET,2
CCND1,FGF3,1
CCND1,FGF4,1
CDK4,FGF3,1
CDK4,FGF4,1
FGF19,FGF3,1
FGF19,FGF4,1
FGF3,FGF4,1
FGF3,MDM2,1
FGF4,MDM2,1
CDK6,MEK1,2
CDK4,TGFB1,2
CDKN2A,TGFB1,1
CDK4,LIV1,1
CDK6,LIV1,1
ATRX,CDK6,1
CDK4,NCOA2,1
HMGA2,MEIS1,1
HMGA2,NCOA2,1
MDM2,NCOA2,1
AKT,CCNA2,1
AKT,CD274,1
AKT,RAB7A,1
AKT,TGFBR1,1
CCNA2,CD274,1
CCNA2,PIK3CA,1
CCNA2,RAB7A,1
CCNA2,TGFBR1,1
CD274,RAB7A,1
CD274,TGFBR1,1
CDK4,RAB7A,1
CDK4,TGFBR1,1
CDK6,RAB7A,1
CDK6,TGFBR1,1
PIK3CA,RAB7A,1
PIK3CA,TGFBR1,1
RAB7A,TGFBR1,1
ACAA1,CDK4,1
ACAA1,CDK6,1
ACAA1,RB1,1
ER,GART,1
HER2,HR,1
CDK6,PAK1,1
MAPK,PAK1,1
CDK4,EIF4EBP1,1
CDK6,EIF4EBP1,1
EIF4EBP1,MCL1,1
EIF4EBP1,MTOR,1
EIF4EBP1,MYC,1
CDH1,ERBB2,1
CDH1,HER2,1
CDKN1A,ERBB2,1
CDKN1A,HER2,1
ERBB2,HER2,1
HER2,TP53,1
CDK4,TNK2,1
CDK6,TNK2,1
CCND1,NEK2,1
CDK4,NEK2,1
CDK6,NEK2,1
NEK2,RB1,1
NEK2,STAT3,1
RB1,STAT3,1
CDK6,NOTCH,1
CDK4,PR,2
CDK6,PR,2
ER,ESR1,1
ER,PR,2
PIK3CA,PR,1
BRCA,CDK4,1
BRCA,CDK6,1
ERK1,NF1,1
ERK2,NF1,1
CDK4,ERBB,1
CDK4,IFNG,1
CDK4,INS,1
CDK4,INSR,1
CDK4,MIR211,1
CDK4,RTKs,1
CDK6,ERBB,1
CDK6,IFNG,1
CDK6,INS,1
CDK6,INSR,1
CDK6,MIR211,1
CDK6,RTKs,1
ERBB,IFNG,1
ERBB,INS,1
ERBB,INSR,1
ERBB,MAP2K1,1
ERBB,MIR211,1
ERBB,NRAS,1
ERBB,RTKs,1
ERBB,TP53,1
IFNG,INS,1
IFNG,INSR,1
IFNG,MAP2K1,1
IFNG,MIR211,1
IFNG,NRAS,1
IFNG,RTKs,1
IFNG,TP53,1
INS,INSR,1
INS,MAP2K1,1
INS,MIR211,1
INS,NRAS,1
INS,RTKs,1
INS,TP53,1
INSR,MAP2K1,1
INSR,MIR211,1
INSR,NRAS,1
INSR,RTKs,1
INSR,TP53,1
MAP2K1,MIR211,1
MAP2K1,RTKs,1
MAP2K1,TP53,1
MIR211,NRAS,1
MIR211,RTKs,1
MIR211,TP53,1
NRAS,RTKs,1
RTKs,TP53,1
CDK4,Gli2,1
GLI1,Gli2,1
Gli2,MDM2,1
CCND1,CDK8,1
FLT3,PI3K,1
FLT3,RAS,1
CDK4,FSIP1,1
CDK6,FSIP1,1
CD34,CDKN2A,1
CDK4,RANKL,1
CDK6,RANKL,1
ESR1,RANKL,1
APC,ATM,1
APC,BRD1,1
APC,BRIP1,1
APC,CDH1,1
APC,CDKN2A,1
APC,CHEK2,1
APC,EPCAM,1
APC,MLH1,1
APC,MRE11,1
APC,MSH2,1
APC,MSH6,1
APC,MUTYH,1
APC,NBN,1
APC,PALB2,1
APC,PMS2,1
APC,PTEN,1
APC,RAD50,1
APC,RAD51C,1
APC,RAD51D,1
APC,RECQL1,1
APC,SMAD4,1
APC,STK11,1
ATM,BRD1,1
ATM,BRIP1,1
ATM,CDH1,1
ATM,EPCAM,1
ATM,MLH1,1
ATM,MRE11,1
ATM,MSH6,1
ATM,MUTYH,1
ATM,NBN,1
ATM,PALB2,1
ATM,PMS2,1
ATM,RAD50,1
ATM,RAD51D,1
ATM,RECQL1,1
ATM,SMAD4,1
ATM,STK11,1
BRD1,BRIP1,1
BRD1,CDH1,1
BRD1,CDK4,1
BRD1,CDKN2A,1
BRD1,CHEK2,1
BRD1,EPCAM,1
BRD1,MLH1,1
BRD1,MRE11,1
BRD1,MSH2,1
BRD1,MSH6,1
BRD1,MUTYH,1
BRD1,NBN,1
BRD1,PALB2,1
BRD1,PMS2,1
BRD1,PTEN,1
BRD1,RAD50,1
BRD1,RAD51C,1
BRD1,RAD51D,1
BRD1,RECQL1,1
BRD1,SMAD4,1
BRD1,STK11,1
BRD1,TP53,1
BRIP1,CDH1,1
BRIP1,CDK4,1
BRIP1,CDKN2A,1
BRIP1,CHEK2,1
BRIP1,EPCAM,1
BRIP1,MLH1,1
BRIP1,MRE11,1
BRIP1,MSH2,1
BRIP1,MSH6,1
BRIP1,MUTYH,1
BRIP1,NBN,1
BRIP1,PALB2,1
BRIP1,PMS2,1
BRIP1,PTEN,1
BRIP1,RAD50,1
BRIP1,RAD51C,1
BRIP1,RAD51D,1
BRIP1,RECQL1,1
BRIP1,SMAD4,1
BRIP1,STK11,1
BRIP1,TP53,1
CDH1,CDKN2A,1
CDH1,CHEK2,1
CDH1,EPCAM,1
CDH1,MLH1,1
CDH1,MRE11,1
CDH1,MSH6,1
CDH1,MUTYH,1
CDH1,NBN,1
CDH1,PALB2,1
CDH1,PMS2,1
CDH1,RAD50,1
CDH1,RAD51C,1
CDH1,RAD51D,1
CDH1,RECQL1,1
CDH1,SMAD4,1
CDH1,STK11,1
CDK4,EPCAM,1
CDK4,MLH1,1
CDK4,MRE11,1
CDK4,MSH2,1
CDK4,MSH6,1
CDK4,MUTYH,1
CDK4,PALB2,1
CDK4,RAD50,1
CDK4,RAD51D,1
CDK4,RECQL1,1
CDKN2A,CHEK2,1
CDKN2A,EPCAM,1
CDKN2A,MLH1,1
CDKN2A,MRE11,1
CDKN2A,MSH2,1
CDKN2A,MSH6,1
CDKN2A,MUTYH,1
CDKN2A,NBN,1
CDKN2A,PALB2,1
CDKN2A,RAD50,1
CDKN2A,RAD51C,1
CDKN2A,RAD51D,1
CDKN2A,RECQL1,1
CHEK2,EPCAM,1
CHEK2,MLH1,1
CHEK2,MRE11,1
CHEK2,MSH2,1
CHEK2,MSH6,1
CHEK2,MUTYH,1
CHEK2,NBN,1
CHEK2,PALB2,1
CHEK2,PMS2,1
CHEK2,PTEN,1
CHEK2,RAD50,1
CHEK2,RAD51C,1
CHEK2,RAD51D,1
CHEK2,RECQL1,1
CHEK2,SMAD4,1
CHEK2,STK11,1
EPCAM,MLH1,1
EPCAM,MRE11,1
EPCAM,MSH2,1
EPCAM,MSH6,1
EPCAM,MUTYH,1
EPCAM,NBN,1
EPCAM,PALB2,1
EPCAM,PMS2,1
EPCAM,RAD50,1
EPCAM,RAD51C,1
EPCAM,RAD51D,1
EPCAM,RECQL1,1
EPCAM,SMAD4,1
EPCAM,STK11,1
EPCAM,TP53,1
MLH1,MRE11,1
MLH1,MSH2,1
MLH1,MSH6,1
MLH1,MUTYH,1
MLH1,NBN,1
MLH1,PALB2,1
MLH1,PMS2,1
MLH1,PTEN,1
MLH1,RAD50,1
MLH1,RAD51C,1
MLH1,RAD51D,1
MLH1,RECQL1,1
MLH1,SMAD4,1
MLH1,STK11,1
MLH1,TP53,1
MRE11,MSH2,1
MRE11,MSH6,1
MRE11,MUTYH,1
MRE11,NBN,1
MRE11,PALB2,1
MRE11,PMS2,1
MRE11,PTEN,1
MRE11,RAD50,1
MRE11,RAD51C,1
MRE11,RAD51D,1
MRE11,RECQL1,1
MRE11,SMAD4,1
MRE11,STK11,1
MRE11,TP53,1
MSH2,MSH6,1
MSH2,MUTYH,1
MSH2,NBN,1
MSH2,PALB2,1
MSH2,PMS2,1
MSH2,PTEN,1
MSH2,RAD50,1
MSH2,RAD51C,1
MSH2,RAD51D,1
MSH2,RECQL1,1
MSH2,SMAD4,1
MSH2,STK11,1
MSH6,MUTYH,1
MSH6,NBN,1
MSH6,PALB2,1
MSH6,PMS2,1
MSH6,PTEN,1
MSH6,RAD50,1
MSH6,RAD51C,1
MSH6,RAD51D,1
MSH6,RECQL1,1
MSH6,SMAD4,1
MSH6,STK11,1
MSH6,TP53,1
MUTYH,NBN,1
MUTYH,PALB2,1
MUTYH,PMS2,1
MUTYH,PTEN,1
MUTYH,RAD50,1
MUTYH,RAD51C,1
MUTYH,RAD51D,1
MUTYH,RECQL1,1
MUTYH,SMAD4,1
MUTYH,STK11,1
MUTYH,TP53,1
NBN,PALB2,1
NBN,PMS2,1
NBN,PTEN,1
NBN,RAD50,1
NBN,RAD51C,1
NBN,RAD51D,1
NBN,RECQL1,1
NBN,SMAD4,1
NBN,STK11,1
NBN,TP53,1
PALB2,PMS2,1
PALB2,PTEN,1
PALB2,RAD50,1
PALB2,RAD51C,1
PALB2,RAD51D,1
PALB2,RECQL1,1
PALB2,SMAD4,1
PALB2,STK11,1
PALB2,TP53,1
PMS2,PTEN,1
PMS2,RAD50,1
PMS2,RAD51C,1
PMS2,RAD51D,1
PMS2,RECQL1,1
PMS2,SMAD4,1
PMS2,STK11,1
PMS2,TP53,1
PTEN,RAD50,1
PTEN,RAD51C,1
PTEN,RAD51D,1
PTEN,RECQL1,1
PTEN,SMAD4,1
RAD50,RAD51C,1
RAD50,RAD51D,1
RAD50,RECQL1,1
RAD50,SMAD4,1
RAD50,STK11,1
RAD50,TP53,1
RAD51C,RAD51D,1
RAD51C,RECQL1,1
RAD51C,SMAD4,1
RAD51C,STK11,1
RAD51C,TP53,1
RAD51D,RECQL1,1
RAD51D,SMAD4,1
RAD51D,STK11,1
RAD51D,TP53,1
RECQL1,SMAD4,1
RECQL1,STK11,1
RECQL1,TP53,1
SMAD4,STK11,1
SMAD4,TP53,1
ESR1,KRAS,1
ESR1,TP53,2
BRCA1,CCNE1,1
BRCA1,E2F1,1
BRCA1,E2F2,1
BRCA2,CCNE1,1
BRCA2,E2F1,1
BRCA2,E2F2,1
CCNE1,E2F2,1
CDK4,E2F2,1
CDK6,E2F2,1
E2F1,E2F2,1
FLT3,PIK3CA,1
BCL2,BRD4,1
BCL2,HEXIM1,1
BCL2L1,BRD4,1
BCL2L1,HEXIM1,1
BCL2L1,MYC,1
BRD4,CDK6,1
BRD4,HEXIM1,1
BRD4,MYC,1
CDK6,HEXIM1,1
HEXIM1,MYC,1
BRCA1,CD8A,1
BRCA1,NK cells,1
BRCA2,CD8A,1
BRCA2,CDKN1A,1
BRCA2,NK cells,1
CD8A,CDK4,1
CD8A,CDK6,1
CD8A,CDKN1A,1
CD8A,NK cells,1
CD8A,TP53,1
CDK4,NK cells,1
CDK6,NK cells,1
CDKN1A,NK cells,1
NK cells,TP53,1
CCND1,TSC1,2
MTOR,TSC1,1
E2F,MYC,2
JUN,TSPAN31,1
CDK4,OGT,2
CDK6,MITF,2
CDK6,OGT,2
MITF,OGT,2
AR,HER2,1
AKT1,CCNE,1
AKT1,E2F,1
AKT1,IL17A,1
AKT1,STAT3,1
CCND1,IL17A,1
CCND1,MAPK8,1
CCNE,E2F,1
CCNE,IL17A,1
CCNE,MAPK1,1
CCNE,MAPK8,1
CCNE,STAT3,1
CDK4,IL17A,1
E2F,IL17A,1
E2F,MAPK1,1
E2F,MAPK8,1
E2F,STAT3,1
IL17A,MAPK1,1
IL17A,MAPK8,1
IL17A,STAT3,1
MAPK1,MAPK8,1
MAPK1,STAT3,1
MAPK8,STAT3,1
CDK6,PRMT5,1
CCND1,GNAQ,1
CCND2,GNAQ,1
CCND2,TP53,1
CDK4,GNAQ,2
EGFR,GNAQ,1
GNAQ,PIK3CA,1
GNAQ,TP53,2
CDK4,TWIST1,1
CDKN2B,TWIST1,1
CDK4,PEG10,1
CDK6,PEG10,1
BRAF,SMO,1
MAPK,MET,1
MAPK,SMO,1
MET,SMO,1
AKT1,AR,1
AKT1,CYP17A1,1
AR,CYP17A1,1
CDK4,CYP17A1,1
CDK6,CYP17A1,1
CYP17A1,PIK3CA,1
APC,ARID1B,1
APC,CTNNB1,1
APC,KAT6A,1
APC,KMT2C,1
APC,NCOR1,1
APC,SMARCA4,1
ARID1B,CDK4,1
ARID1B,CTNNB1,1
ARID1B,KAT6A,1
ARID1B,KMT2C,1
ARID1B,MDM2,1
ARID1B,NCOR1,1
ARID1B,SMARCA4,1
CDK4,KAT6A,1
CDK4,KMT2C,1
CDK4,NCOR1,1
CTNNB1,KAT6A,1
CTNNB1,KMT2C,1
CTNNB1,NCOR1,1
CTNNB1,SMARCA4,1
KAT6A,KMT2C,1
KAT6A,MDM2,1
KAT6A,NCOR1,1
KAT6A,SMARCA4,1
KMT2C,MDM2,1
KMT2C,NCOR1,1
KMT2C,SMARCA4,1
MDM2,NCOR1,1
NCOR1,SMARCA4,1
BRAF,NTRK,1
BRAF,RET,1
CDK4,NTRK,2
IDH1,KIT,1
IDH1,NRAS,1
IDH1,NTRK,1
IDH1,PDGFRA,2
IDH1,PIK3CA,1
IDH1,RAS,1
IDH1,RET,1
KIT,NTRK,1
KIT,RAS,1
KIT,RET,1
NRAS,NTRK,1
NRAS,PDGFRA,1
NRAS,RET,1
NTRK,PDGFRA,1
NTRK,PIK3CA,1
NTRK,RAS,1
NTRK,RET,1
PDGFRA,RAS,1
PDGFRA,RET,1
RAS,RET,1
CCND1,MED8,1
CDK4,MED8,1
CDKN2A,SMARCA4,1
EGFR,FGFR2,1
FGFR1,KIT,1
FGFR1,PDGFRA,1
FGFR1,TERT,1
FGFR2,KIT,1
FGFR2,PDGFRA,1
FGFR2,TERT,1
FGFR3,KIT,1
FGFR3,PDGFRA,1
FGFR3,TERT,1
CDK4,FOXA1,2
CDK4,PMM2,1
CDK6,FOXA1,2
CDK6,PMM2,1
ESR1,FOXA1,1
ESR1,PMM2,1
FOXA1,PMM2,1
CCND1,TET1,1
CDK6,TET1,1
CCNA2,E2F1,1
CCNA2,TP53,1
CD133,CDK4,1
CD133,EGFR,1
CD133,FABP7,1
CD133,GFAP,1
CD133,HIF1A,1
CD133,IDH1,1
CD133,PDGFRA,1
CD133,PTEN,1
CD133,SOX2,1
CDK4,FABP7,1
CDK4,GFAP,1
EGFR,FABP7,1
EGFR,GFAP,1
EGFR,HIF1A,1
EGFR,IDH1,1
FABP7,GFAP,1
FABP7,HIF1A,1
FABP7,IDH1,1
FABP7,PDGFRA,1
FABP7,PTEN,1
FABP7,SOX2,1
GFAP,HIF1A,1
GFAP,IDH1,1
GFAP,PDGFRA,1
GFAP,PTEN,1
GFAP,SOX2,1
HIF1A,IDH1,1
HIF1A,PDGFRA,1
HIF1A,PTEN,1
HIF1A,SOX2,1
IDH1,PTEN,1
IDH1,SOX2,1
PDGFRA,SOX2,1
PTEN,SOX2,1
CDK4,MYOD1,1
CDK4,myogenin,1
MDM2,MYOD1,1
MDM2,myogenin,1
MYOD1,myogenin,1
CD274,CDKN2A,1
CDC6,CDKN3,1
CDK4,CDKN3,1
CDK4,GNA11,1
GNA11,GNAQ,1
GNA11,MET,1
GNA11,TP53,1
GNAQ,MET,1
CDK7,ESR1,1
CDK7,MYC,1
ESR1,MYC,2
BAX,MTOR,1
BAX,RPS6KB1,1
CASP3,CDK1,1
CASP3,MTOR,1
CASP3,RPS6KB1,1
CCND1,RPS6KB1,1
CDK1,MTOR,1
CDK1,RPS6KB1,1
CDK4,RPS6KB1,1
MTOR,RPS6KB1,1
AR,FGFR2,1
AR,TP53,1
ESR1,FGFR2,1
FGFR2,PIK3CA,1
FGFR2,TP53,1
ESR1,PRMT5,1
ATR,AURKA,1
ATR,EZH2,1
AURKA,EZH2,1
CCND1,IL7R,1
CDK4,IL7R,1
FGF19,IL7R,1
FGF19,RB1,1
FGF19,TERT,1
IL7R,RB1,1
IL7R,TERT,1
CCNB1,CCNB2,1
CCNB1,CCNE1,1
CCNB1,CDKN2A,1
CCNB2,CCND1,1
CCNB2,CDK4,1
CCNB2,CDKN1B,1
CDK6,EP300,1
CDK6,HSP90AA1,1
EP300,HSP90AA1,1
EP300,STAT3,1
HSP90AA1,STAT3,1
CDKN2A,FGFR,1
CDKN2B,FGFR,1
AMPK,CCND3,1
AMPK,RB1,1
BRAF,EFGR,1
BRAF,ctDNA,1
CCND1,EFGR,1
CCND1,ctDNA,1
CDK6,EFGR,1
CDK6,ctDNA,1
EFGR,KRAS,1
EFGR,MYC,1
EFGR,TP53,1
EFGR,ctDNA,1
KRAS,MYC,1
KRAS,ctDNA,1
MYC,ctDNA,1
TP53,ctDNA,1
CDK4,PKMYT1,1
CDK6,PKMYT1,1
ER,PKMYT1,1
ER,TP53,1
PKMYT1,TP53,1
CCND1,E2F7,1
CDK4,E2F7,1
CDK6,E2F7,1
CDK4,GADD45A,1
CDK4,METTL1,1
CDK4,WDR4,1
CDK6,GADD45A,1
CDK6,METTL1,1
CDK6,WDR4,1
GADD45A,METTL1,1
GADD45A,RB1,1
GADD45A,WDR4,1
METTL1,RB1,1
METTL1,WDR4,1
RB1,WDR4,1
ESR1,MEK1,1
APC/C,AURKA,1
APC/C,CDK4,1
APC/C,CDK6,1
APC/C,CDKN1A,1
APC/C,SKP2,1
AURKA,CDKN1A,1
AURKA,SKP2,1
CDK4,SKP2,1
CDK6,SKP2,1
CDKN1A,SKP2,1
MLL1,NUP98,1
CCND1,MKI67,1
CCNE1,MKI67,1
CDKN1A,ESR1,1
CDKN1A,MKI67,1
MKI67,MYC,1
MKI67,RB1,1
CCNE1,MTOR,1
ALK,ATM,1
ALK,CDC73,1
ALK,MAP3K4,1
ALK,MCL1,1
ALK,SMARCB1,1
ALK,TP53,1
ALK,TSC1,1
ATM,CDC73,1
ATM,ERBB2,1
ATM,MAP3K4,1
ATM,MCL1,1
ATM,SMARCB1,1
ATM,TSC1,1
CCND1,CDC73,1
CCND1,MAP3K4,1
CCND1,MCL1,1
CCND1,SMARCB1,1
CDC73,CDK4,1
CDC73,ERBB2,1
CDC73,MAP3K4,1
CDC73,MCL1,1
CDC73,SMARCB1,1
CDC73,TP53,1
CDC73,TSC1,1
CDK4,MAP3K4,1
ERBB2,MAP3K4,1
ERBB2,MCL1,1
ERBB2,SMARCB1,1
ERBB2,TSC1,1
MAP3K4,MCL1,1
MAP3K4,SMARCB1,1
MAP3K4,TP53,1
MAP3K4,TSC1,1
MCL1,SMARCB1,1
MCL1,TSC1,1
SMARCB1,TP53,1
SMARCB1,TSC1,1
TP53,TSC1,1
HER2,RB1,1
CCNE1,CDK inhibitors,1
CCNE1,CDKN2,1
CCNE1,E2F3,1
CCNE1,MIR141,1
CDK inhibitors,CDK4,1
CDK inhibitors,CDK6,1
CDK inhibitors,CDKN2,1
CDK inhibitors,CDKN2A,1
CDK inhibitors,E2F3,1
CDK inhibitors,ESR1,1
CDK inhibitors,MDM2,1
CDK inhibitors,MIR141,1
CDK4,E2F3,1
CDK4,MIR141,1
CDK6,E2F3,1
CDK6,MIR141,1
CDKN2,E2F3,1
CDKN2,ESR1,1
CDKN2,MDM2,2
CDKN2,MIR141,1
CDKN2A,E2F3,1
CDKN2A,MIR141,1
E2F3,ESR1,1
E2F3,MDM2,1
E2F3,MIR141,1
ESR1,MIR141,1
MDM2,MIR141,1
CDK6,NTRK3,1
EGFR,NTRK3,1
CDKN2B,KRAS,1
CDK4,SLC7A11,1
CDK4,SP1,1
CDK6,SLC7A11,1
CDK6,SP1,1
SLC7A11,SP1,1
CDK4,FOXC1,1
CDK4,NR2F2,1
CDK6,FOXC1,1
CDK6,NR2F2,1
ER,FOXA1,1
ER,FOXC1,1
ER,NR2F2,1
FOXA1,FOXC1,1
FOXA1,HER2,1
FOXA1,NR2F2,1
FOXA1,PR,1
FOXC1,HER2,1
FOXC1,NR2F2,1
FOXC1,PR,1
HER2,NR2F2,1
NR2F2,PR,1
CCNEB1,CDK4,1
CCNEB1,CDKN1A,1
CCNEB1,HIF1A,1
CCNEB1,LDHA,1
CCNEB1,MTOR,1
CCNEB1,PCNA,1
CCNEB1,TP53,1
CDK4,LDHA,1
CDKN1A,HIF1A,1
CDKN1A,LDHA,1
HIF1A,LDHA,1
HIF1A,MTOR,1
HIF1A,PCNA,1
HIF1A,TP53,1
LDHA,MTOR,1
LDHA,PCNA,1
LDHA,TP53,1
MTOR,PCNA,1
CDK4,CDON,1
CDK6,CDON,1
CDK4,CUL3,1
CDK6,CUL3,1
HER2,PTEN,1
FOXM1,MEK,1
FOXM1,NF1,1
FOXM1,PD-L1,1
MEK,NF1,1
NF1,PD-L1,1
CDK4,GATA4,1
CDK4,GNRH1,1
CDK4,NOD1,1
CDK4,SEMA3F,1
CDK4,SEMA5A,1
CDK4,SSTR1,1
CDK4,TIRAP,1
CDK6,GATA4,1
CDK6,GNRH1,1
CDK6,NOD1,1
CDK6,RET,1
CDK6,SEMA3F,1
CDK6,SEMA5A,1
CDK6,SSTR1,1
CDK6,TIRAP,1
CDKN2A,GATA4,1
CDKN2A,GNRH1,1
CDKN2A,NOD1,1
CDKN2A,RET,1
CDKN2A,SEMA3F,1
CDKN2A,SEMA5A,1
CDKN2A,SSTR1,1
CDKN2A,TIRAP,1
GATA4,GNRH1,1
GATA4,NOD1,1
GATA4,RB1,1
GATA4,RET,1
GATA4,SEMA3F,1
GATA4,SEMA5A,1
GATA4,SSTR1,1
GATA4,TIRAP,1
GNRH1,NOD1,1
GNRH1,RB1,1
GNRH1,RET,1
GNRH1,SEMA3F,1
GNRH1,SEMA5A,1
GNRH1,SSTR1,1
GNRH1,TIRAP,1
NOD1,RB1,1
NOD1,RET,1
NOD1,SEMA3F,1
NOD1,SEMA5A,1
NOD1,SSTR1,1
NOD1,TIRAP,1
RB1,RET,1
RB1,SEMA3F,1
RB1,SEMA5A,1
RB1,SSTR1,1
RB1,TIRAP,1
RET,SEMA3F,1
RET,SEMA5A,1
RET,SSTR1,1
RET,TIRAP,1
SEMA3F,SEMA5A,1
SEMA3F,SSTR1,1
SEMA3F,TIRAP,1
SEMA5A,SSTR1,1
SEMA5A,TIRAP,1
SSTR1,TIRAP,1
JAK2,MTOR,1
CDK4,PIK3CB,1
CDK4,PIK3CD,1
CDK6,PIK3CB,1
CDK6,PIK3CD,1
CDK6,PIK3CG,1
MTOR,PIK3CB,1
MTOR,PIK3CD,1
MTOR,PIK3CG,1
PIK3CA,PIK3CB,1
PIK3CA,PIK3CD,1
PIK3CB,PIK3CD,1
PIK3CB,PIK3CG,1
PIK3CD,PIK3CG,1
ATM,BRAF,1
ATM,CYP3A4,1
ATM,KRAS,1
ATM,MET,1
ATM,NRAS,1
ATM,NRG1,1
ATM,PIK3CA,1
BRAF,CYP3A4,1
BRAF,NRG1,1
CDK4,CYP3A4,1
CDK4,NRG1,1
CDK6,CYP3A4,1
CDK6,NRG1,1
CDKN2A,CYP3A4,1
CDKN2A,NRG1,1
CYP3A4,EGFR,1
CYP3A4,KRAS,1
CYP3A4,MET,1
CYP3A4,NRAS,1
CYP3A4,NRG1,1
CYP3A4,PIK3CA,1
CYP3A4,TP53,1
EGFR,NRAS,1
EGFR,NRG1,1
KRAS,NRG1,1
MET,NRAS,1
MET,NRG1,1
NRAS,NRG1,1
NRG1,PIK3CA,1
NRG1,TP53,1
CD274,PI3KCA,1
CDK4,SAMD5,1
CDK6,SAMD5,1
PLK1,SAMD5,1
CDK4,Ki-67,1
CDK6,Ki-67,1
ER,Ki-67,1
HER2,Ki-67,1
CDK4,RERE-AS1,1
CDK6,RERE-AS1,1
DICER1,TERT,1
CDK4,TFAP2C,1
CDK6,TFAP2C,1
DDR1,TFAP2C,1
AMBRA1,AURKA,1
AMBRA1,AURKB,1
AMBRA1,CDK4,1
AMBRA1,CDK6,1
AURKA,AURKB,1
ERBB2,MAPK1,1
ESR1,MAPK1,1
IL6,KRAS,1
IL6,RB1,1
IL6,TP53,1
CDK4,NSD2,1
CDK4,NSRP1,1
CDK6,NSD2,1
CDK6,NSRP1,1
NSD2,NSRP1,1
CDK4,EWSR1,1
CDK4,FLI1,1
EWSR1,FLI1,1
EWSR1,MDM2,1
EWSR1,NAB2,1
EWSR1,STAT6,1
FLI1,MDM2,1
FLI1,NAB2,1
FLI1,STAT6,1
BRAF,GLS1,1
CDK4,GLS1,1
CDK6,GLS1,1
AKT1,KRAS,1
AKT1,RPS6,1
BCL2,KRAS,1
BCL2,RPS6,1
KRAS,RPS6,1
PIK3CA,RPS6,1
CDK4,MAGEA4,1
CDK6,MAGEA4,1
CDK6,NTRK,1
EZH2,MAGEA4,1
EZH2,NTRK,1
EZH2,PARP,1
MAGEA4,MTOR,1
MAGEA4,NTRK,1
MAGEA4,PARP,1
MTOR,NTRK,1
NTRK,PARP,1
CDK4,RANK,1
CDK4,TNFRSF11A,1
CDK6,RANK,1
CDK6,TNFRSF11A,1
RANK,TNFRSF11A,1
CCND1,CDKN2D,1
CDK4,MTS2,1
CDKN2,MTS2,1
CDKN2,TP53,1
MDM2,MTS2,1
MTS2,TP53,1
CDK2,CDK5,1
CDK2,MAPK1,1
CDK5,CDK6,1
CDK5,MAPK1,1
CDKN2A,E2F,1
CDK4,OS-9,1
CDK,CDKN2B,1
CDK4,p15,1
p15,p16,1
CCND1,CDKN2,2
CDKN2,RB1,2
RB1,p16,1
CDK4,GAS16,1
CDK4,GAS27,1
CDK4,GAS56,1
CDK4,GAS64,1
CDK4,GAS89,1
CDK4,OS-4,1
CDK4,WNT1,1
GAS16,GAS27,1
GAS16,GAS41,1
GAS16,GAS56,1
GAS16,GAS64,1
GAS16,GAS89,1
GAS16,GLI,1
GAS16,MDM2,1
GAS16,OS-4,1
GAS16,SAS,1
GAS16,WNT1,1
GAS27,GAS41,1
GAS27,GAS56,1
GAS27,GAS64,1
GAS27,GAS89,1
GAS27,GLI,1
GAS27,MDM2,1
GAS27,OS-4,1
GAS27,SAS,1
GAS27,WNT1,1
GAS41,GAS56,1
GAS41,GAS64,1
GAS41,GAS89,1
GAS41,GLI,1
GAS41,OS-4,1
GAS41,SAS,1
GAS41,WNT1,1
GAS56,GAS64,1
GAS56,GAS89,1
GAS56,GLI,1
GAS56,MDM2,1
GAS56,OS-4,1
GAS56,SAS,1
GAS56,WNT1,1
GAS64,GAS89,1
GAS64,GLI,1
GAS64,MDM2,1
GAS64,OS-4,1
GAS64,SAS,1
GAS64,WNT1,1
GAS89,GLI,1
GAS89,MDM2,1
GAS89,OS-4,1
GAS89,SAS,1
GAS89,WNT1,1
GLI,OS-4,1
GLI,WNT1,1
MDM2,OS-4,1
MDM2,WNT1,1
OS-4,SAS,1
OS-4,WNT1,1
SAS,WNT1,1
BFU-E,CCND1,1
BFU-E,CCND2,1
BFU-E,CCND3,1
BFU-E,CD34,1
BFU-E,CDK6,1
BFU-E,CDKN2B,1
BFU-E,CFU-E,1
BFU-E,CFU-GM,1
CCND1,CFU-E,1
CCND1,CFU-GM,1
CCND2,CD34,1
CCND2,CFU-E,1
CCND2,CFU-GM,1
CCND3,CD34,1
CCND3,CFU-E,1
CCND3,CFU-GM,1
CD34,CDK6,1
CD34,CDKN2B,1
CD34,CFU-E,1
CD34,CFU-GM,1
CDK6,CFU-E,1
CDK6,CFU-GM,1
CDKN2B,CFU-E,1
CDKN2B,CFU-GM,1
CFU-E,CFU-GM,1
CCND1,REL,1
CDKN2A,REL,1
MDM2,REL,1
MYC,REL,1
